attention,meditation,delta,theta,lowAlpha,highAlpha,lowBeta,highBeta,lowGamma,highGamma,classification,Latitude,Longitude
56,34,960462,277180,26575,27356,26575,13056,9126,2683,NORMAL,34.7574628,126.3549225
77,54,39145,28225,20172,39551,20172,9933,5237,4750,NORMAL,34.75939592,126.3549113
58,22,75410,43144,8601,13564,8601,11663,2515,3251,NORMAL,34.75939592,126.3549113
66,47,16057,41211,2534,34254,2534,27663,11396,2825,NORMAL,34.7594015,126.3569083
53,31,10304,47239,33158,47349,33158,16328,5298,5471,NORMAL,34.75940708,126.3579221
69,54,95733,97816,22747,34873,22747,6898,7549,2603,NORMAL,34.75941264,126.3586971
78,43,38504,63547,48293,33267,48293,10078,2279,2055,NORMAL,34.75941543,126.3590137
75,33,57266,16194,22614,10379,22614,14633,8335,3583,NORMAL,34.75941543,126.3590137
51,25,1058339,117892,78062,23730,78062,18370,9872,9777,NORMAL,34.75945987,126.3590137
53,34,1734126,624883,86403,29780,86403,14859,8577,11765,NORMAL,34.75965707,126.3590109
64,35,274259,104009,28513,37515,28513,26183,10039,2756,NORMAL,34.76089581,126.3590053
61,37,155250,44705,68930,18211,68930,6704,3538,3379,NORMAL,34.76236232,126.358997
57,38,118607,113964,2649,14545,2649,7736,3012,2264,NORMAL,34.76388159,126.3589886
67,45,1175124,58878,63677,38922,63677,11030,4906,5278,NORMAL,34.76538698,126.3589802
64,53,1708501,107221,125052,128520,125052,11176,1981,1185,NORMAL,34.76562306,126.3589775
52,33,933514,45238,13091,30073,13091,19514,5426,1274,NORMAL,34.7659508,126.3590358
76,47,481922,77837,24034,27190,24034,2876,4283,5088,NORMAL,34.76684515,126.3590219
68,46,33204,22843,21726,29561,21726,7160,4512,2102,NORMAL,34.76705901,126.3590219
54,35,233332,38133,8307,5321,8307,5046,979,727,NORMAL,34.76790614,126.3590191
64,53,1657292,103328,18075,81947,18075,10838,5793,3452,NORMAL,34.76813667,126.3590163
35,75,149499,54240,7309,42355,7309,14471,3419,2269,ASLEEP,34.76869771,126.3590079
46,56,102933,30027,10474,24024,10474,8442,3262,2224,ASLEEP,34.77027531,126.3589968
47,53,54676,21765,15556,17596,15556,7769,4262,2231,ASLEEP,34.77126409,126.3589829
67,75,48239,15895,14153,6243,14153,5906,1887,2739,ASLEEP,34.77159183,126.3589579
63,84,149987,21000,13314,10178,13314,10640,2221,1331,ASLEEP,34.77195012,126.3589162
47,67,6978,8977,11507,11823,11507,21096,2206,3254,ASLEEP,34.77226398,126.3588662
67,81,118567,48796,16690,11229,16690,8469,2398,2137,ASLEEP,34.7724584,126.3588218
43,63,121981,59343,14131,50025,14131,6010,3678,3166,ASLEEP,34.77294445,126.3586968
59,67,49173,29077,16803,23120,16803,6201,3581,4100,ASLEEP,34.77336385,126.3585551
48,70,234389,41766,28885,30747,28885,5712,3497,1912,ASLEEP,34.77370825,126.3584245
51,37,894843,159700,30751,12135,30751,9387,7781,1949,NORMAL,34.77407487,126.3582495
53,36,62167,29407,9125,50357,9125,6358,2649,2201,NORMAL,34.77439983,126.3580829
66,16,92627,26480,23890,2216,23890,1113,454,623,NORMAL,34.77485533,126.3578079
57,13,764906,180762,36579,33419,36579,11126,7212,2012,NORMAL,34.77519696,126.357569
63,34,87540,41804,3691,14693,3691,2548,2449,3030,NORMAL,34.77561635,126.3572524
51,3,82608,111717,37440,40423,37440,7454,2490,2513,NORMAL,34.77577466,126.3571218
53,14,518298,77716,57933,15761,57933,7577,5119,2544,NORMAL,34.77578577,126.3571135
46,22,145068,115288,30390,22957,30390,5363,3402,1520,NORMAL,34.77628849,126.3567107
47,7,285887,112162,11440,16267,11440,3979,5920,5510,NORMAL,34.7765829,126.3564913
55,15,143111,22844,12910,6759,12910,1018,717,1636,NORMAL,34.77693563,126.3562497
54,22,322747,43254,89438,23927,89438,8560,2540,4806,NORMAL,34.77739946,126.3559608
77,14,159062,50008,42006,49483,42006,9739,5554,1842,NORMAL,34.77775497,126.3557552
90,33,1044124,66350,10056,47177,10056,5918,4420,3534,NORMAL,34.77793273,126.3556636
88,43,169247,18878,14411,55087,14411,5175,2543,2215,NORMAL,34.77815493,126.3555469
94,23,107407,24640,11876,23997,11876,3845,1039,3372,NORMAL,34.77837157,126.3554441
83,36,42545,19843,28168,29408,28168,4312,4867,1709,NORMAL,34.77868542,126.3553108
78,40,157001,13143,24497,27184,24497,9525,3454,2880,NORMAL,34.77901871,126.3551719
75,30,179005,47528,39379,11219,39379,6141,1739,3556,NORMAL,34.77932145,126.3550664
78,48,99174,9216,2419,50296,2419,7810,4636,4663,NORMAL,34.77963808,126.3549664
88,21,227904,93367,39339,34705,39339,5217,2633,2738,NORMAL,34.77987139,126.3548969
51,37,894843,159700,30751,12135,30751,9387,7781,1949,NORMAL,34.78019913,126.3548053
53,36,62167,29407,9125,50357,9125,6358,2649,2201,NORMAL,34.78046299,126.3547386
66,16,92627,26480,23890,2216,23890,1113,454,623,NORMAL,34.78067963,126.3546969
57,13,764906,180762,36579,33419,36579,11126,7212,2012,NORMAL,34.78119623,126.354608
63,34,87540,41804,3691,14693,3691,2548,2449,3030,NORMAL,34.78158786,126.3545608
51,3,82608,111717,37440,40423,37440,7454,2490,2513,NORMAL,34.78198226,126.354533
53,14,518298,77716,57933,15761,57933,7577,5119,2544,NORMAL,34.78233499,126.3545247
46,22,145068,115288,30390,22957,30390,5363,3402,1520,NORMAL,34.78266829,126.3545219
47,7,285887,112162,11440,16267,11440,3979,5920,5510,NORMAL,34.78295992,126.3545302
55,15,143111,22844,12910,6759,12910,1018,717,1636,NORMAL,34.78330433,126.3545469
54,22,322747,43254,89438,23927,89438,8560,2540,4806,NORMAL,34.78347375,126.3545635
77,14,159062,50008,42006,49483,42006,9739,5554,1842,NORMAL,34.7836404,126.3545774
90,33,1044124,66350,10056,47177,10056,5918,4420,3534,NORMAL,34.78383205,126.3546052
88,43,169247,18878,14411,55087,14411,5175,2543,2215,NORMAL,34.78405147,126.3546357
94,23,107407,24640,11876,23997,11876,3845,1039,3372,NORMAL,34.78437366,126.3546996
83,36,42545,19843,28168,29408,28168,4312,4867,1709,NORMAL,34.78465418,126.3547607
78,40,157001,13143,24497,27184,24497,9525,3454,2880,NORMAL,34.78512635,126.3548829
75,30,179005,47528,39379,11219,39379,6141,1739,3556,NORMAL,34.78565963,126.3550245
78,48,99174,9216,2419,50296,2419,7810,4636,4663,NORMAL,34.78649842,126.3552523
88,21,227904,93367,39339,34705,39339,5217,2633,2738,NORMAL,34.78806492,126.3556772
51,37,894843,159700,30751,12135,30751,9387,7781,1949,NORMAL,34.78902315,126.3559355
53,36,62167,29407,9125,50357,9125,6358,2649,2201,NORMAL,34.79058965,126.3563576
66,16,92627,26480,23890,2216,23890,1113,454,623,NORMAL,34.79227002,126.3568159
57,13,764906,180762,36579,33419,36579,11126,7212,2012,NORMAL,34.7930866,126.3570436
63,34,87540,41804,3691,14693,3691,2548,2449,3030,NORMAL,34.79345045,126.3571575
51,3,82608,111717,37440,40423,37440,7454,2490,2513,NORMAL,34.79379486,126.3572825
53,14,518298,77716,57933,15761,57933,7577,5119,2544,NORMAL,34.7940976,126.3574019
46,22,145068,115288,30390,22957,30390,5363,3402,1520,NORMAL,34.79436146,126.3575241
47,7,285887,112162,11440,16267,11440,3979,5920,5510,NORMAL,34.79459477,126.3576269
55,15,143111,22844,12910,6759,12910,1018,717,1636,NORMAL,34.79491141,126.3577991
54,22,322747,43254,89438,23927,89438,8560,2540,4806,NORMAL,34.79525582,126.3579991
77,14,159062,50008,42006,49483,42006,9739,5554,1842,NORMAL,34.79558078,126.3581963
90,33,1044124,66350,10056,47177,10056,5918,4420,3534,NORMAL,34.79594186,126.3584268
88,43,169247,18878,14411,55087,14411,5175,2543,2215,NORMAL,34.79622794,126.3586268
94,23,107407,24640,11876,23997,11876,3845,1039,3372,NORMAL,34.79648902,126.358824
83,36,42545,19843,28168,29408,28168,4312,4867,1709,NORMAL,34.79679455,126.3590711
78,40,157001,13143,24497,27184,24497,9525,3454,2880,NORMAL,34.79710563,126.3593322
75,30,179005,47528,39379,11219,39379,6141,1739,3556,NORMAL,34.7973806,126.3596044
78,48,99174,9216,2419,50296,2419,7810,4636,4663,NORMAL,34.79765002,126.3598516
88,21,227904,93367,39339,34705,39339,5217,2633,2738,NORMAL,34.79779445,126.3600044
51,37,894843,159700,30751,12135,30751,9387,7781,1949,NORMAL,34.79793055,126.3601516
53,36,62167,29407,9125,50357,9125,6358,2649,2201,NORMAL,34.79804165,126.3602766
66,16,92627,26480,23890,2216,23890,1113,454,623,NORMAL,34.79821386,126.3604599
57,13,764906,180762,36579,33419,36579,11126,7212,2012,NORMAL,34.79855271,126.3608682
63,34,87540,41804,3691,14693,3691,2548,2449,3030,NORMAL,34.79882213,126.3612042
51,3,82608,111717,37440,40423,37440,7454,2490,2513,NORMAL,34.79945541,126.3619847
53,14,518298,77716,57933,15761,57933,7577,5119,2544,NORMAL,34.80023589,126.3629485
46,22,145068,115288,30390,22957,30390,5363,3402,1520,NORMAL,34.80108581,126.3639984
47,7,285887,112162,11440,16267,11440,3979,5920,5510,NORMAL,34.80228848,126.3654843
55,15,143111,22844,12910,6759,12910,1018,717,1636,NORMAL,34.80246069,126.3657065
54,22,322747,43254,89438,23927,89438,8560,2540,4806,NORMAL,34.8034106,126.3668509
77,14,159062,50008,42006,49483,42006,9739,5554,1842,NORMAL,34.80353559,126.3670008
90,33,1044124,66350,10056,47177,10056,5918,4420,3534,NORMAL,34.80357725,126.3670508
88,43,169247,18878,14411,55087,14411,5175,2543,2215,NORMAL,34.80359391,126.3670703
94,23,107407,24640,11876,23997,11876,3845,1039,3372,NORMAL,34.80370501,126.3672008
83,36,42545,19843,28168,29408,28168,4312,4867,1709,NORMAL,34.803855,126.367373
78,40,157001,13143,24497,27184,24497,9525,3454,2880,NORMAL,34.80469103,126.368309
75,30,179005,47528,39379,11219,39379,6141,1739,3556,NORMAL,34.80526598,126.3689645
78,48,99174,9216,2419,50296,2419,7810,4636,4663,NORMAL,34.80538263,126.3691006
88,21,227904,93367,39339,34705,39339,5217,2633,2738,NORMAL,34.80545207,126.3691784
51,37,894843,159700,30751,12135,30751,9387,7781,1949,NORMAL,34.80560484,126.369345
53,36,62167,29407,9125,50357,9125,6358,2649,2201,NORMAL,34.80568261,126.3694311
66,16,92627,26480,23890,2216,23890,1113,454,623,NORMAL,34.80570205,126.3694533
57,13,764906,180762,36579,33419,36579,11126,7212,2012,NORMAL,34.80640476,126.3702449
63,34,87540,41804,3691,14693,3691,2548,2449,3030,NORMAL,34.80643254,126.3702783
51,3,82608,111717,37440,40423,37440,7454,2490,2513,NORMAL,34.80656863,126.3704282
53,14,518298,77716,57933,15761,57933,7577,5119,2544,NORMAL,34.80701581,126.3709337
46,22,145068,115288,30390,22957,30390,5363,3402,1520,NORMAL,34.80744077,126.3713976
47,7,285887,112162,11440,16267,11440,3979,5920,5510,NORMAL,34.80756021,126.3715309
55,15,143111,22844,12910,6759,12910,1018,717,1636,NORMAL,34.80762964,126.3716087
54,22,322747,43254,89438,23927,89438,8560,2540,4806,NORMAL,34.80769353,126.3716781
77,14,159062,50008,42006,49483,42006,9739,5554,1842,NORMAL,34.80771575,126.3717031
90,33,1044124,66350,10056,47177,10056,5918,4420,3534,NORMAL,34.80795461,126.3720142
88,43,169247,18878,14411,55087,14411,5175,2543,2215,NORMAL,34.80804072,126.3721364
94,23,107407,24640,11876,23997,11876,3845,1039,3372,NORMAL,34.80864622,126.3729696
83,36,42545,19843,28168,29408,28168,4312,4867,1709,NORMAL,34.80867677,126.3730085
78,40,157001,13143,24497,27184,24497,9525,3454,2880,NORMAL,34.8094517,126.3740501
75,30,179005,47528,39379,11219,39379,6141,1739,3556,NORMAL,34.80954614,126.3741751
78,48,99174,9216,2419,50296,2419,7810,4636,4663,NORMAL,34.80961002,126.3742612
88,21,227904,93367,39339,34705,39339,5217,2633,2738,NORMAL,34.80995166,126.3747333
51,37,894843,159700,30751,12135,30751,9387,7781,1949,NORMAL,34.81030996,126.3752305
53,36,62167,29407,9125,50357,9125,6358,2649,2201,NORMAL,34.81038217,126.3753277
66,16,92627,26480,23890,2216,23890,1113,454,623,NORMAL,34.81047661,126.3754555
57,13,764906,180762,36579,33419,36579,11126,7212,2012,NORMAL,34.8105516,126.3755555
63,34,87540,41804,3691,14693,3691,2548,2449,3030,NORMAL,34.8107127,126.3757749
51,3,82608,111717,37440,40423,37440,7454,2490,2513,NORMAL,34.81105156,126.376236
53,14,518298,77716,57933,15761,57933,7577,5119,2544,NORMAL,34.81175705,126.3771914
46,22,145068,115288,30390,22957,30390,5363,3402,1520,NORMAL,34.81229033,126.3779163
47,7,285887,112162,11440,16267,11440,3979,5920,5510,NORMAL,34.8123931,126.3780552
55,15,143111,22844,12910,6759,12910,1018,717,1636,NORMAL,34.81249032,126.3781857
54,22,322747,43254,89438,23927,89438,8560,2540,4806,NORMAL,34.81270974,126.3784829
77,14,159062,50008,42006,49483,42006,9739,5554,1842,NORMAL,34.81468178,126.3811188
90,33,1044124,66350,10056,47177,10056,5918,4420,3534,NORMAL,34.81476233,126.3812271
88,43,169247,18878,14411,55087,14411,5175,2543,2215,NORMAL,34.8148651,126.3813687
94,23,107407,24640,11876,23997,11876,3845,1039,3372,NORMAL,34.81492898,126.3814521
83,36,42545,19843,28168,29408,28168,4312,4867,1709,NORMAL,34.81509563,126.3816715
78,40,157001,13143,24497,27184,24497,9525,3454,2880,NORMAL,34.81526229,126.3818965
75,30,179005,47528,39379,11219,39379,6141,1739,3556,NORMAL,34.81555115,126.3822825
78,48,99174,9216,2419,50296,2419,7810,4636,4663,NORMAL,34.81599277,126.3828658
88,21,227904,93367,39339,34705,39339,5217,2633,2738,NORMAL,34.81614276,126.3830186
51,37,894843,159700,30751,12135,30751,9387,7781,1949,NORMAL,34.8162372,126.3831074
53,36,62167,29407,9125,50357,9125,6358,2649,2201,NORMAL,34.81632885,126.3831713
66,16,92627,26480,23890,2216,23890,1113,454,623,NORMAL,34.81642329,126.3832185
57,13,764906,180762,36579,33419,36579,11126,7212,2012,NORMAL,34.81653439,126.3832602
63,34,87540,41804,3691,14693,3691,2548,2449,3030,NORMAL,34.81735097,126.3834768
51,3,82608,111717,37440,40423,37440,7454,2490,2513,NORMAL,34.81735097,126.3834768
53,14,518298,77716,57933,15761,57933,7577,5119,2544,NORMAL,34.81813144,126.3837018
46,22,145068,115288,30390,22957,30390,5363,3402,1520,NORMAL,34.81887858,126.3839656
47,7,285887,112162,11440,16267,11440,3979,5920,5510,NORMAL,34.81915077,126.3840851
55,15,143111,22844,12910,6759,12910,1018,717,1636,NORMAL,34.81938964,126.3842073
54,22,322747,43254,89438,23927,89438,8560,2540,4806,NORMAL,34.81977015,126.3844295
77,14,159062,50008,42006,49483,42006,9739,5554,1842,NORMAL,34.82081171,126.3851683
90,33,1044124,66350,10056,47177,10056,5918,4420,3534,NORMAL,34.82315592,126.3868681
88,43,169247,18878,14411,55087,14411,5175,2543,2215,NORMAL,34.82365032,126.3872819
94,23,107407,24640,11876,23997,11876,3845,1039,3372,NORMAL,34.8242947,126.3877263
83,36,42545,19843,28168,29408,28168,4312,4867,1709,NORMAL,34.82513072,126.3882346
78,40,157001,13143,24497,27184,24497,9525,3454,2880,NORMAL,34.82541125,126.3883901
75,30,179005,47528,39379,11219,39379,6141,1739,3556,NORMAL,34.82684165,126.3891178
78,48,99174,9216,2419,50296,2419,7810,4636,4663,NORMAL,34.82690554,126.3891511
88,21,227904,93367,39339,34705,39339,5217,2633,2738,NORMAL,34.8281804,126.3898232
51,37,894843,159700,30751,12135,30751,9387,7781,1949,NORMAL,34.83061071,126.3910758
53,36,62167,29407,9125,50357,9125,6358,2649,2201,NORMAL,34.83166337,126.3916147
66,16,92627,26480,23890,2216,23890,1113,454,623,NORMAL,34.83219943,126.3919118
57,13,764906,180762,36579,33419,36579,11126,7212,2012,NORMAL,34.83302157,126.3923423
63,34,87540,41804,3691,14693,3691,2548,2449,3030,NORMAL,34.83332154,126.3925145
51,3,82608,111717,37440,40423,37440,7454,2490,2513,NORMAL,34.83373816,126.3927923
53,14,518298,77716,57933,15761,57933,7577,5119,2544,NORMAL,34.83399924,126.3929784
46,22,145068,115288,30390,22957,30390,5363,3402,1520,NORMAL,34.83438809,126.39332
47,7,285887,112162,11440,16267,11440,3979,5920,5510,NORMAL,34.83476584,126.3937172
55,15,143111,22844,12910,6759,12910,1018,717,1636,NORMAL,34.83489082,126.3938394
54,22,322747,43254,89438,23927,89438,8560,2540,4806,NORMAL,34.83514358,126.394131
77,14,159062,50008,42006,49483,42006,9739,5554,1842,NORMAL,34.83534634,126.3944032
90,33,1044124,66350,10056,47177,10056,5918,4420,3534,NORMAL,34.83577963,126.3949643
88,43,169247,18878,14411,55087,14411,5175,2543,2215,NORMAL,34.83640735,126.3957892
94,23,107407,24640,11876,23997,11876,3845,1039,3372,NORMAL,34.83642402,126.3958114
83,36,42545,19843,28168,29408,28168,4312,4867,1709,NORMAL,34.83646013,126.3958642
78,40,157001,13143,24497,27184,24497,9525,3454,2880,NORMAL,34.83738226,126.397139
75,30,179005,47528,39379,11219,39379,6141,1739,3556,NORMAL,34.83784333,126.3977556
78,48,99174,9216,2419,50296,2419,7810,4636,4663,NORMAL,34.83848772,126.3985916
88,21,227904,93367,39339,34705,39339,5217,2633,2738,NORMAL,34.8395904,126.4000915
51,37,894843,159700,30751,12135,30751,9387,7781,1949,NORMAL,34.83986259,126.4004609
53,36,62167,29407,9125,50357,9125,6358,2649,2201,NORMAL,34.84016257,126.4009108
66,16,92627,26480,23890,2216,23890,1113,454,623,NORMAL,34.84050976,126.4015302
57,13,764906,180762,36579,33419,36579,11126,7212,2012,NORMAL,34.84069864,126.4019385
63,34,87540,41804,3691,14693,3691,2548,2449,3030,NORMAL,34.84088751,126.4023968
51,3,82608,111717,37440,40423,37440,7454,2490,2513,NORMAL,34.84098195,126.402669
53,14,518298,77716,57933,15761,57933,7577,5119,2544,NORMAL,34.84115694,126.4032495
46,22,145068,115288,30390,22957,30390,5363,3402,1520,NORMAL,34.84126804,126.4036856
47,7,285887,112162,11440,16267,11440,3979,5920,5510,NORMAL,34.84136804,126.4042189
55,15,143111,22844,12910,6759,12910,1018,717,1636,NORMAL,34.84141804,126.4045494
54,22,322747,43254,89438,23927,89438,8560,2540,4806,NORMAL,34.84149582,126.4053743
77,14,159062,50008,42006,49483,42006,9739,5554,1842,NORMAL,34.84171809,126.4093767
90,33,1044124,66350,10056,47177,10056,5918,4420,3534,NORMAL,34.8419598,126.4139569
88,43,169247,18878,14411,55087,14411,5175,2543,2215,NORMAL,34.8420126,126.4153762
94,23,107407,24640,11876,23997,11876,3845,1039,3372,NORMAL,34.84196263,126.4169872
83,36,42545,19843,28168,29408,28168,4312,4867,1709,NORMAL,34.84185988,126.4178843
78,40,157001,13143,24497,27184,24497,9525,3454,2880,NORMAL,34.84139331,126.4208368
75,30,179005,47528,39379,11219,39379,6141,1739,3556,NORMAL,34.84139053,126.4208396
78,48,99174,9216,2419,50296,2419,7810,4636,4663,NORMAL,34.84123224,126.4219117
88,21,227904,93367,39339,34705,39339,5217,2633,2738,NORMAL,34.84119058,126.4221617
51,37,894843,159700,30751,12135,30751,9387,7781,1949,NORMAL,34.84104894,126.4230033
53,36,62167,29407,9125,50357,9125,6358,2649,2201,NORMAL,34.84090731,126.4239199
66,16,92627,26480,23890,2216,23890,1113,454,623,NORMAL,34.84090731,126.4239199
57,13,764906,180762,36579,33419,36579,11126,7212,2012,NORMAL,34.84079066,126.4246643
63,34,87540,41804,3691,14693,3691,2548,2449,3030,NORMAL,34.84060182,126.4258892
51,3,82608,111717,37440,40423,37440,7454,2490,2513,NORMAL,34.84033799,126.4276224
53,14,518298,77716,57933,15761,57933,7577,5119,2544,NORMAL,34.840288,126.4279168
46,22,145068,115288,30390,22957,30390,5363,3402,1520,NORMAL,34.84021301,126.4283612
47,7,285887,112162,11440,16267,11440,3979,5920,5510,NORMAL,34.84004083,126.4293111
55,15,143111,22844,12910,6759,12910,1018,717,1636,NORMAL,34.83991585,126.4300499
54,22,322747,43254,89438,23927,89438,8560,2540,4806,NORMAL,34.83883831,126.436966
77,14,159062,50008,42006,49483,42006,9739,5554,1842,NORMAL,34.83872723,126.4381243
90,33,1044124,66350,10056,47177,10056,5918,4420,3534,NORMAL,34.83870224,126.4385964
88,43,169247,18878,14411,55087,14411,5175,2543,2215,NORMAL,34.83870503,126.4393769
94,23,107407,24640,11876,23997,11876,3845,1039,3372,NORMAL,34.83871337,126.439813
83,36,42545,19843,28168,29408,28168,4312,4867,1709,NORMAL,34.83878282,126.4407074
78,40,157001,13143,24497,27184,24497,9525,3454,2880,NORMAL,34.83887727,126.4415101
75,30,179005,47528,39379,11219,39379,6141,1739,3556,NORMAL,34.83904115,126.4424155
78,48,99174,9216,2419,50296,2419,7810,4636,4663,NORMAL,34.83916337,126.4429627
88,21,227904,93367,39339,34705,39339,5217,2633,2738,NORMAL,34.83981889,126.4453542
51,37,894843,159700,30751,12135,30751,9387,7781,1949,NORMAL,34.84005499,126.4462096
53,36,62167,29407,9125,50357,9125,6358,2649,2201,NORMAL,34.84065774,126.4483622
66,16,92627,26480,23890,2216,23890,1113,454,623,NORMAL,34.84088273,126.4492927
57,13,764906,180762,36579,33419,36579,11126,7212,2012,NORMAL,34.84120216,126.4508147
63,34,87540,41804,3691,14693,3691,2548,2449,3030,NORMAL,34.84137993,126.4517841
51,3,82608,111717,37440,40423,37440,7454,2490,2513,NORMAL,34.8416466,126.4536673
53,14,518298,77716,57933,15761,57933,7577,5119,2544,NORMAL,34.84219106,126.4585946
46,22,145068,115288,30390,22957,30390,5363,3402,1520,NORMAL,34.84236329,126.4602222
47,7,285887,112162,11440,16267,11440,3979,5920,5510,NORMAL,34.84242996,126.4606638
55,15,143111,22844,12910,6759,12910,1018,717,1636,NORMAL,34.8425494,126.461461
54,22,322747,43254,89438,23927,89438,8560,2540,4806,NORMAL,34.84262996,126.4618498
77,14,159062,50008,42006,49483,42006,9739,5554,1842,NORMAL,34.84299383,126.4632025
90,33,1044124,66350,10056,47177,10056,5918,4420,3534,NORMAL,34.8432077,126.4638247
88,43,169247,18878,14411,55087,14411,5175,2543,2215,NORMAL,34.84350768,126.4645107
94,23,107407,24640,11876,23997,11876,3845,1039,3372,NORMAL,34.84353823,126.4645663
83,36,42545,19843,28168,29408,28168,4312,4867,1709,NORMAL,34.84353823,126.4645663
78,40,157001,13143,24497,27184,24497,9525,3454,2880,NORMAL,34.84358267,126.4646496
75,30,179005,47528,39379,11219,39379,6141,1739,3556,NORMAL,34.84396875,126.4653828
78,48,99174,9216,2419,50296,2419,7810,4636,4663,NORMAL,34.84424651,126.4658161
88,21,227904,93367,39339,34705,39339,5217,2633,2738,NORMAL,34.84447149,126.4661716
51,37,894843,159700,30751,12135,30751,9387,7781,1949,NORMAL,34.84452426,126.4662522
53,36,62167,29407,9125,50357,9125,6358,2649,2201,NORMAL,34.84537974,126.4673271
66,16,92627,26480,23890,2216,23890,1113,454,623,NORMAL,34.84650741,126.4686075
57,13,764906,180762,36579,33419,36579,11126,7212,2012,NORMAL,34.84652407,126.4686269
63,34,87540,41804,3691,14693,3691,2548,2449,3030,NORMAL,34.84720179,126.4693935
51,3,82608,111717,37440,40423,37440,7454,2490,2513,NORMAL,34.84920438,126.4716238
53,14,518298,77716,57933,15761,57933,7577,5119,2544,NORMAL,34.85356508,126.4764955
46,22,145068,115288,30390,22957,30390,5363,3402,1520,NORMAL,34.85409836,126.4770927
47,7,285887,112162,11440,16267,11440,3979,5920,5510,NORMAL,34.85462331,126.4776787
55,15,143111,22844,12910,6759,12910,1018,717,1636,NORMAL,34.85493161,126.4780342
54,22,322747,43254,89438,23927,89438,8560,2540,4806,NORMAL,34.85512882,126.4782481
77,14,159062,50008,42006,49483,42006,9739,5554,1842,NORMAL,34.85590652,126.4791063
90,33,1044124,66350,10056,47177,10056,5918,4420,3534,NORMAL,34.85626482,126.4795146
88,43,169247,18878,14411,55087,14411,5175,2543,2215,NORMAL,34.85643981,126.4796785
94,23,107407,24640,11876,23997,11876,3845,1039,3372,NORMAL,34.85659535,126.4798535
83,36,42545,19843,28168,29408,28168,4312,4867,1709,NORMAL,34.85783134,126.4812394
78,40,157001,13143,24497,27184,24497,9525,3454,2880,NORMAL,34.85811465,126.4815811
75,30,179005,47528,39379,11219,39379,6141,1739,3556,NORMAL,34.85812854,126.481595
78,48,99174,9216,2419,50296,2419,7810,4636,4663,NORMAL,34.85832296,126.4818227
88,21,227904,93367,39339,34705,39339,5217,2633,2738,NORMAL,34.85857294,126.4820921
51,37,894843,159700,30751,12135,30751,9387,7781,1949,NORMAL,34.85903123,126.4826198
53,36,62167,29407,9125,50357,9125,6358,2649,2201,NORMAL,34.86251979,126.4864972
66,16,92627,26480,23890,2216,23890,1113,454,623,NORMAL,34.86268088,126.4866777
57,13,764906,180762,36579,33419,36579,11126,7212,2012,NORMAL,34.86323083,126.4872943
63,34,87540,41804,3691,14693,3691,2548,2449,3030,NORMAL,34.86365579,126.4877693
51,3,82608,111717,37440,40423,37440,7454,2490,2513,NORMAL,34.86447516,126.4886192
53,14,518298,77716,57933,15761,57933,7577,5119,2544,NORMAL,34.86483623,126.4889525
46,22,145068,115288,30390,22957,30390,5363,3402,1520,NORMAL,34.86554727,126.4895718
47,7,285887,112162,11440,16267,11440,3979,5920,5510,NORMAL,34.8658028,126.4897718
55,15,143111,22844,12910,6759,12910,1018,717,1636,NORMAL,34.86636664,126.4901745
54,22,322747,43254,89438,23927,89438,8560,2540,4806,NORMAL,34.8665805,126.4903134
77,14,159062,50008,42006,49483,42006,9739,5554,1842,NORMAL,34.86747486,126.4908661
90,33,1044124,66350,10056,47177,10056,5918,4420,3534,NORMAL,34.86795258,126.4910994
88,43,169247,18878,14411,55087,14411,5175,2543,2215,NORMAL,34.86812201,126.49118
94,23,107407,24640,11876,23997,11876,3845,1039,3372,NORMAL,34.86874695,126.4914605
83,36,42545,19843,28168,29408,28168,4312,4867,1709,NORMAL,34.86896081,126.4915383
78,40,157001,13143,24497,27184,24497,9525,3454,2880,NORMAL,34.86949409,126.4917382
75,30,179005,47528,39379,11219,39379,6141,1739,3556,NORMAL,34.87038288,126.4920798
78,48,99174,9216,2419,50296,2419,7810,4636,4663,NORMAL,34.87181328,126.4925964
88,21,227904,93367,39339,34705,39339,5217,2633,2738,NORMAL,34.87236878,126.4927964
51,37,894843,159700,30751,12135,30751,9387,7781,1949,NORMAL,34.87274096,126.4929297
53,36,62167,29407,9125,50357,9125,6358,2649,2201,NORMAL,34.87650445,126.4943128
66,16,92627,26480,23890,2216,23890,1113,454,623,NORMAL,34.87725993,126.4945822
57,13,764906,180762,36579,33419,36579,11126,7212,2012,NORMAL,34.87952357,126.4954127
63,34,87540,41804,3691,14693,3691,2548,2449,3030,NORMAL,34.88094564,126.4959209
51,3,82608,111717,37440,40423,37440,7454,2490,2513,NORMAL,34.88100397,126.4959431
53,14,518298,77716,57933,15761,57933,7577,5119,2544,NORMAL,34.88149281,126.4961098
46,22,145068,115288,30390,22957,30390,5363,3402,1520,NORMAL,34.88234549,126.4963875
47,7,285887,112162,11440,16267,11440,3979,5920,5510,NORMAL,34.88332872,126.4966791
55,15,143111,22844,12910,6759,12910,1018,717,1636,NORMAL,34.88408697,126.4968846
54,22,322747,43254,89438,23927,89438,8560,2540,4806,NORMAL,34.8846508,126.4970318
77,14,159062,50008,42006,49483,42006,9739,5554,1842,NORMAL,34.88562569,126.4972957
90,33,1044124,66350,10056,47177,10056,5918,4420,3534,NORMAL,34.88693666,126.4976456
88,43,169247,18878,14411,55087,14411,5175,2543,2215,NORMAL,34.88761437,126.4978206
94,23,107407,24640,11876,23997,11876,3845,1039,3372,NORMAL,34.88818097,126.4979733
83,36,42545,19843,28168,29408,28168,4312,4867,1709,NORMAL,34.88825874,126.4979955
78,40,157001,13143,24497,27184,24497,9525,3454,2880,NORMAL,34.88832818,126.4980122
75,30,179005,47528,39379,11219,39379,6141,1739,3556,NORMAL,34.88843928,126.4980455
78,48,99174,9216,2419,50296,2419,7810,4636,4663,NORMAL,34.88940584,126.498301
88,21,227904,93367,39339,34705,39339,5217,2633,2738,NORMAL,34.8900891,126.4984816
51,37,894843,159700,30751,12135,30751,9387,7781,1949,NORMAL,34.89085013,126.4986815
53,36,62167,29407,9125,50357,9125,6358,2649,2201,NORMAL,34.89155838,126.4988759
66,16,92627,26480,23890,2216,23890,1113,454,623,NORMAL,34.89313877,126.4992925
57,13,764906,180762,36579,33419,36579,11126,7212,2012,NORMAL,34.89344707,126.4993703
63,34,87540,41804,3691,14693,3691,2548,2449,3030,NORMAL,34.89361927,126.499412
51,3,82608,111717,37440,40423,37440,7454,2490,2513,NORMAL,34.89412477,126.4995286
53,14,518298,77716,57933,15761,57933,7577,5119,2544,NORMAL,34.89461639,126.4996314
46,22,145068,115288,30390,22957,30390,5363,3402,1520,NORMAL,34.89537741,126.4997619
47,7,285887,112162,11440,16267,11440,3979,5920,5510,NORMAL,34.89604123,126.4998591
55,15,143111,22844,12910,6759,12910,1018,717,1636,NORMAL,34.89634397,126.4998952
54,22,322747,43254,89438,23927,89438,8560,2540,4806,NORMAL,34.89707445,126.4999646
77,14,159062,50008,42006,49483,42006,9739,5554,1842,NORMAL,34.89728553,126.4999813
90,33,1044124,66350,10056,47177,10056,5918,4420,3534,NORMAL,34.89785769,126.500009
88,43,169247,18878,14411,55087,14411,5175,2543,2215,NORMAL,34.89831042,126.500034
94,23,107407,24640,11876,23997,11876,3845,1039,3372,NORMAL,34.89875204,126.5000396
83,36,42545,19843,28168,29408,28168,4312,4867,1709,NORMAL,34.89925198,126.500034
78,40,157001,13143,24497,27184,24497,9525,3454,2880,NORMAL,34.89930197,126.500034
75,30,179005,47528,39379,11219,39379,6141,1739,3556,NORMAL,34.89998801,126.5000062
78,48,99174,9216,2419,50296,2419,7810,4636,4663,NORMAL,34.9009129,126.4999451
88,21,227904,93367,39339,34705,39339,5217,2633,2738,NORMAL,34.90282935,126.49977
51,37,894843,159700,30751,12135,30751,9387,7781,1949,NORMAL,34.90534573,126.4995311
53,36,62167,29407,9125,50357,9125,6358,2649,2201,NORMAL,34.90823706,126.4992311
66,16,92627,26480,23890,2216,23890,1113,454,623,NORMAL,34.90841482,126.4992172
57,13,764906,180762,36579,33419,36579,11126,7212,2012,NORMAL,34.90972578,126.4991116
63,34,87540,41804,3691,14693,3691,2548,2449,3030,NORMAL,34.91037015,126.4990616
51,3,82608,111717,37440,40423,37440,7454,2490,2513,NORMAL,34.91097842,126.4989977
53,14,518298,77716,57933,15761,57933,7577,5119,2544,NORMAL,34.91246436,126.4988671
46,22,145068,115288,30390,22957,30390,5363,3402,1520,NORMAL,34.91400029,126.4987254
47,7,285887,112162,11440,16267,11440,3979,5920,5510,NORMAL,34.91451413,126.4986782
55,15,143111,22844,12910,6759,12910,1018,717,1636,NORMAL,34.91568344,126.4985948
54,22,322747,43254,89438,23927,89438,8560,2540,4806,NORMAL,34.91650557,126.4985587
77,14,159062,50008,42006,49483,42006,9739,5554,1842,NORMAL,34.91749712,126.4985309
90,33,1044124,66350,10056,47177,10056,5918,4420,3534,NORMAL,34.91755545,126.4985309
88,43,169247,18878,14411,55087,14411,5175,2543,2215,NORMAL,34.91856367,126.4985059
94,23,107407,24640,11876,23997,11876,3845,1039,3372,NORMAL,34.91930525,126.4984864
83,36,42545,19843,28168,29408,28168,4312,4867,1709,NORMAL,34.91945523,126.4984809
78,40,157001,13143,24497,27184,24497,9525,3454,2880,NORMAL,34.9196691,126.4984753
75,30,179005,47528,39379,11219,39379,6141,1739,3556,NORMAL,34.91974964,126.4984753
78,48,99174,9216,2419,50296,2419,7810,4636,4663,NORMAL,34.91983297,126.4984753
88,21,227904,93367,39339,34705,39339,5217,2633,2738,NORMAL,34.92047178,126.4984586
51,37,894843,159700,30751,12135,30751,9387,7781,1949,NORMAL,34.9214189,126.4984364
53,36,62167,29407,9125,50357,9125,6358,2649,2201,NORMAL,34.92234102,126.4984169
66,16,92627,26480,23890,2216,23890,1113,454,623,NORMAL,34.92353255,126.4983808
57,13,764906,180762,36579,33419,36579,11126,7212,2012,NORMAL,34.92407138,126.4983696
63,34,87540,41804,3691,14693,3691,2548,2449,3030,NORMAL,34.92471852,126.4983724
51,3,82608,111717,37440,40423,37440,7454,2490,2513,NORMAL,34.92521569,126.4983807
53,14,518298,77716,57933,15761,57933,7577,5119,2544,NORMAL,34.92572952,126.4984085
46,22,145068,115288,30390,22957,30390,5363,3402,1520,NORMAL,34.92612392,126.4984363
47,7,285887,112162,11440,16267,11440,3979,5920,5510,NORMAL,34.92647944,126.4984668
55,15,143111,22844,12910,6759,12910,1018,717,1636,NORMAL,34.92672386,126.4984918
54,22,322747,43254,89438,23927,89438,8560,2540,4806,NORMAL,34.92695716,126.4985196
77,14,159062,50008,42006,49483,42006,9739,5554,1842,NORMAL,34.92717936,126.4985446
90,33,1044124,66350,10056,47177,10056,5918,4420,3534,NORMAL,34.92749877,126.4985862
88,43,169247,18878,14411,55087,14411,5175,2543,2215,NORMAL,34.92781818,126.4986362
94,23,107407,24640,11876,23997,11876,3845,1039,3372,NORMAL,34.92859587,126.4987723
83,36,42545,19843,28168,29408,28168,4312,4867,1709,NORMAL,34.92883751,126.4988167
78,40,157001,13143,24497,27184,24497,9525,3454,2880,NORMAL,34.92901527,126.4988584
75,30,179005,47528,39379,11219,39379,6141,1739,3556,NORMAL,34.92979019,126.4990278
78,48,99174,9216,2419,50296,2419,7810,4636,4663,NORMAL,34.93057343,126.4992361
88,21,227904,93367,39339,34705,39339,5217,2633,2738,NORMAL,34.93147611,126.4995166
51,37,894843,159700,30751,12135,30751,9387,7781,1949,NORMAL,34.93238435,126.4998304
53,36,62167,29407,9125,50357,9125,6358,2649,2201,NORMAL,34.93374254,126.5003276
66,16,92627,26480,23890,2216,23890,1113,454,623,NORMAL,34.93502296,126.5008414
57,13,764906,180762,36579,33419,36579,11126,7212,2012,NORMAL,34.93585898,126.5011552
63,34,87540,41804,3691,14693,3691,2548,2449,3030,NORMAL,34.93652002,126.5014052
51,3,82608,111717,37440,40423,37440,7454,2490,2513,NORMAL,34.93718939,126.501644
53,14,518298,77716,57933,15761,57933,7577,5119,2544,NORMAL,34.93820595,126.5020523
46,22,145068,115288,30390,22957,30390,5363,3402,1520,NORMAL,34.939878,126.5026855
47,7,285887,112162,11440,16267,11440,3979,5920,5510,NORMAL,34.94009742,126.5027689
55,15,143111,22844,12910,6759,12910,1018,717,1636,NORMAL,34.94018907,126.502805
54,22,322747,43254,89438,23927,89438,8560,2540,4806,NORMAL,34.94388868,126.5042159
77,14,159062,50008,42006,49483,42006,9739,5554,1842,NORMAL,34.94467193,126.5045047
90,33,1044124,66350,10056,47177,10056,5918,4420,3534,NORMAL,34.94502467,126.5046297
88,43,169247,18878,14411,55087,14411,5175,2543,2215,NORMAL,34.94512744,126.5046658
94,23,107407,24640,11876,23997,11876,3845,1039,3372,NORMAL,34.94536352,126.5047408
83,36,42545,19843,28168,29408,28168,4312,4867,1709,NORMAL,34.94568849,126.5048463
78,40,157001,13143,24497,27184,24497,9525,3454,2880,NORMAL,34.9461801,126.5049657
75,30,179005,47528,39379,11219,39379,6141,1739,3556,NORMAL,34.94653839,126.5050352
78,48,99174,9216,2419,50296,2419,7810,4636,4663,NORMAL,34.94677448,126.5050713
88,21,227904,93367,39339,34705,39339,5217,2633,2738,NORMAL,34.94710778,126.5051129
51,37,894843,159700,30751,12135,30751,9387,7781,1949,NORMAL,34.94732997,126.5051268
53,36,62167,29407,9125,50357,9125,6358,2649,2201,NORMAL,34.94765771,126.5051435
66,16,92627,26480,23890,2216,23890,1113,454,623,NORMAL,34.94808822,126.5051407
57,13,764906,180762,36579,33419,36579,11126,7212,2012,NORMAL,34.94848818,126.5051101
63,34,87540,41804,3691,14693,3691,2548,2449,3030,NORMAL,34.94883814,126.5050712
51,3,82608,111717,37440,40423,37440,7454,2490,2513,NORMAL,34.94922698,126.5050073
53,14,518298,77716,57933,15761,57933,7577,5119,2544,NORMAL,34.94977414,126.5048851
46,22,145068,115288,30390,22957,30390,5363,3402,1520,NORMAL,34.95031574,126.504724
47,7,285887,112162,11440,16267,11440,3979,5920,5510,NORMAL,34.95103232,126.5044546
55,15,143111,22844,12910,6759,12910,1018,717,1636,NORMAL,34.95139617,126.5043101
54,22,322747,43254,89438,23927,89438,8560,2540,4806,NORMAL,34.95162392,126.5042157
77,14,159062,50008,42006,49483,42006,9739,5554,1842,NORMAL,34.95193221,126.5040907
90,33,1044124,66350,10056,47177,10056,5918,4420,3534,NORMAL,34.95193221,126.5040907
88,43,169247,18878,14411,55087,14411,5175,2543,2215,NORMAL,34.95270157,126.5037712
94,23,107407,24640,11876,23997,11876,3845,1039,3372,NORMAL,34.9541875,126.5031463
83,36,42545,19843,28168,29408,28168,4312,4867,1709,NORMAL,34.95446247,126.5030296
78,40,157001,13143,24497,27184,24497,9525,3454,2880,NORMAL,34.95474577,126.5029157
75,30,179005,47528,39379,11219,39379,6141,1739,3556,NORMAL,34.95514294,126.5027574
78,48,99174,9216,2419,50296,2419,7810,4636,4663,NORMAL,34.95568177,126.502538
88,21,227904,93367,39339,34705,39339,5217,2633,2738,NORMAL,34.95635113,126.5022602
51,37,894843,159700,30751,12135,30751,9387,7781,1949,NORMAL,34.95782595,126.5016519
53,36,62167,29407,9125,50357,9125,6358,2649,2201,NORMAL,34.95829812,126.5014574
66,16,92627,26480,23890,2216,23890,1113,454,623,NORMAL,34.95871474,126.501288
57,13,764906,180762,36579,33419,36579,11126,7212,2012,NORMAL,34.96026733,126.5006852
63,34,87540,41804,3691,14693,3691,2548,2449,3030,NORMAL,34.96074505,126.5005158
51,3,82608,111717,37440,40423,37440,7454,2490,2513,NORMAL,34.96143941,126.5002658
53,14,518298,77716,57933,15761,57933,7577,5119,2544,NORMAL,34.96209211,126.5000241
46,22,145068,115288,30390,22957,30390,5363,3402,1520,NORMAL,34.96335307,126.4996547
47,7,285887,112162,11440,16267,11440,3979,5920,5510,NORMAL,34.96411965,126.4994297
55,15,143111,22844,12910,6759,12910,1018,717,1636,NORMAL,34.96499733,126.4991714
54,22,322747,43254,89438,23927,89438,8560,2540,4806,NORMAL,34.96705542,126.4985547
77,14,159062,50008,42006,49483,42006,9739,5554,1842,NORMAL,34.9685108,126.4981186
90,33,1044124,66350,10056,47177,10056,5918,4420,3534,NORMAL,34.96882465,126.4980241
88,43,169247,18878,14411,55087,14411,5175,2543,2215,NORMAL,34.96892464,126.4979936
94,23,107407,24640,11876,23997,11876,3845,1039,3372,NORMAL,34.9689663,126.4979797
83,36,42545,19843,28168,29408,28168,4312,4867,1709,NORMAL,34.96910517,126.497938
78,40,157001,13143,24497,27184,24497,9525,3454,2880,NORMAL,34.97001618,126.497663
75,30,179005,47528,39379,11219,39379,6141,1739,3556,NORMAL,34.97061889,126.4974853
78,48,99174,9216,2419,50296,2419,7810,4636,4663,NORMAL,34.97152989,126.4972103
88,21,227904,93367,39339,34705,39339,5217,2633,2738,NORMAL,34.9723909,126.4969519
51,37,894843,159700,30751,12135,30751,9387,7781,1949,NORMAL,34.97252144,126.496913
53,36,62167,29407,9125,50357,9125,6358,2649,2201,NORMAL,34.97280474,126.4968325
66,16,92627,26480,23890,2216,23890,1113,454,623,NORMAL,34.9734741,126.4966269
57,13,764906,180762,36579,33419,36579,11126,7212,2012,NORMAL,34.97452954,126.4963103
63,34,87540,41804,3691,14693,3691,2548,2449,3030,NORMAL,34.97571273,126.4959575
51,3,82608,111717,37440,40423,37440,7454,2490,2513,NORMAL,34.97662651,126.4956964
53,14,518298,77716,57933,15761,57933,7577,5119,2544,NORMAL,34.977182,126.4955464
46,22,145068,115288,30390,22957,30390,5363,3402,1520,NORMAL,34.97774027,126.4954019
47,7,285887,112162,11440,16267,11440,3979,5920,5510,NORMAL,34.97865405,126.4951853
55,15,143111,22844,12910,6759,12910,1018,717,1636,NORMAL,34.97942618,126.4950047
54,22,322747,43254,89438,23927,89438,8560,2540,4806,NORMAL,34.97995945,126.4948964
77,14,159062,50008,42006,49483,42006,9739,5554,1842,NORMAL,34.98049273,126.494813
90,33,1044124,66350,10056,47177,10056,5918,4420,3534,NORMAL,34.98142595,126.4946464
88,43,169247,18878,14411,55087,14411,5175,2543,2215,NORMAL,34.98171481,126.4946047
94,23,107407,24640,11876,23997,11876,3845,1039,3372,NORMAL,34.98230363,126.4945186
83,36,42545,19843,28168,29408,28168,4312,4867,1709,NORMAL,34.98282857,126.4944352
78,40,157001,13143,24497,27184,24497,9525,3454,2880,NORMAL,34.98365903,126.4943519
75,30,179005,47528,39379,11219,39379,6141,1739,3556,NORMAL,34.98382568,126.4943324
78,48,99174,9216,2419,50296,2419,7810,4636,4663,NORMAL,34.9847339,126.4942463
88,21,227904,93367,39339,34705,39339,5217,2633,2738,NORMAL,34.98511164,126.494213
51,37,894843,159700,30751,12135,30751,9387,7781,1949,NORMAL,34.98557825,126.4941796
53,36,62167,29407,9125,50357,9125,6358,2649,2201,NORMAL,34.98654481,126.4941268
66,16,92627,26480,23890,2216,23890,1113,454,623,NORMAL,34.98764468,126.4940824
57,13,764906,180762,36579,33419,36579,11126,7212,2012,NORMAL,34.98818907,126.4940685
63,34,87540,41804,3691,14693,3691,2548,2449,3030,NORMAL,34.98949447,126.494024
51,3,82608,111717,37440,40423,37440,7454,2490,2513,NORMAL,34.99085265,126.493974
53,14,518298,77716,57933,15761,57933,7577,5119,2544,NORMAL,34.99141648,126.4939545
46,22,145068,115288,30390,22957,30390,5363,3402,1520,NORMAL,34.99204419,126.4939323
47,7,285887,112162,11440,16267,11440,3979,5920,5510,NORMAL,34.99301907,126.4938961
55,15,143111,22844,12910,6759,12910,1018,717,1636,NORMAL,34.99337459,126.4938822
54,22,322747,43254,89438,23927,89438,8560,2540,4806,NORMAL,34.9951605,126.4938211
77,14,159062,50008,42006,49483,42006,9739,5554,1842,NORMAL,34.9966881,126.4937627
90,33,1044124,66350,10056,47177,10056,5918,4420,3534,NORMAL,34.99745468,126.4937155
88,43,169247,18878,14411,55087,14411,5175,2543,2215,NORMAL,34.99792407,126.4936766
94,23,107407,24640,11876,23997,11876,3845,1039,3372,NORMAL,34.99856011,126.493621
83,36,42545,19843,28168,29408,28168,4312,4867,1709,NORMAL,34.99935169,126.4935349
78,40,157001,13143,24497,27184,24497,9525,3454,2880,NORMAL,35.00002105,126.4934432
75,30,179005,47528,39379,11219,39379,6141,1739,3556,NORMAL,35.00048767,126.4933682
78,48,99174,9216,2419,50296,2419,7810,4636,4663,NORMAL,35.00250966,126.4930488
88,21,227904,93367,39339,34705,39339,5217,2633,2738,NORMAL,35.00300404,126.4929654
51,37,894843,159700,30751,12135,30751,9387,7781,1949,NORMAL,35.00307348,126.4929543
53,36,62167,29407,9125,50357,9125,6358,2649,2201,NORMAL,35.00316236,126.4929404
66,16,92627,26480,23890,2216,23890,1113,454,623,NORMAL,35.00359286,126.4928682
57,13,764906,180762,36579,33419,36579,11126,7212,2012,NORMAL,35.00379284,126.4928404
63,34,87540,41804,3691,14693,3691,2548,2449,3030,NORMAL,35.00396782,126.4928182
51,3,82608,111717,37440,40423,37440,7454,2490,2513,NORMAL,35.00437055,126.4927487
53,14,518298,77716,57933,15761,57933,7577,5119,2544,NORMAL,35.00463719,126.4927043
46,22,145068,115288,30390,22957,30390,5363,3402,1520,NORMAL,35.00525656,126.4926043
47,7,285887,112162,11440,16267,11440,3979,5920,5510,NORMAL,35.00543432,126.4925682
55,15,143111,22844,12910,6759,12910,1018,717,1636,NORMAL,35.00571206,126.4925237
54,22,322747,43254,89438,23927,89438,8560,2540,4806,NORMAL,35.00590093,126.4924959
77,14,159062,50008,42006,49483,42006,9739,5554,1842,NORMAL,35.00645087,126.4923876
90,33,1044124,66350,10056,47177,10056,5918,4420,3534,NORMAL,35.00752574,126.4921959
88,43,169247,18878,14411,55087,14411,5175,2543,2215,NORMAL,35.00787848,126.4921432
94,23,107407,24640,11876,23997,11876,3845,1039,3372,NORMAL,35.00795069,126.492132
83,36,42545,19843,28168,29408,28168,4312,4867,1709,NORMAL,35.00866172,126.4920181
78,40,157001,13143,24497,27184,24497,9525,3454,2880,NORMAL,35.00921166,126.4919404
75,30,179005,47528,39379,11219,39379,6141,1739,3556,NORMAL,35.0107587,126.4917126
78,48,99174,9216,2419,50296,2419,7810,4636,4663,NORMAL,35.01110588,126.4916542
88,21,227904,93367,39339,34705,39339,5217,2633,2738,NORMAL,35.01137252,126.4916098
51,37,894843,159700,30751,12135,30751,9387,7781,1949,NORMAL,35.01418886,126.4911486
53,36,62167,29407,9125,50357,9125,6358,2649,2201,NORMAL,35.01568591,126.4909042
66,16,92627,26480,23890,2216,23890,1113,454,623,NORMAL,35.01628029,126.4907875
57,13,764906,180762,36579,33419,36579,11126,7212,2012,NORMAL,35.01703298,126.4906264
63,34,87540,41804,3691,14693,3691,2548,2449,3030,NORMAL,35.01784677,126.4904181
51,3,82608,111717,37440,40423,37440,7454,2490,2513,NORMAL,35.01837448,126.4902597
53,14,518298,77716,57933,15761,57933,7577,5119,2544,NORMAL,35.01876333,126.4901431
46,22,145068,115288,30390,22957,30390,5363,3402,1520,NORMAL,35.01937714,126.4899403
47,7,285887,112162,11440,16267,11440,3979,5920,5510,NORMAL,35.01997152,126.4897208
55,15,143111,22844,12910,6759,12910,1018,717,1636,NORMAL,35.02067977,126.4894403
54,22,322747,43254,89438,23927,89438,8560,2540,4806,NORMAL,35.02124914,126.4891903
77,14,159062,50008,42006,49483,42006,9739,5554,1842,NORMAL,35.02199905,126.4888737
90,33,1044124,66350,10056,47177,10056,5918,4420,3534,NORMAL,35.02269341,126.4885792
88,43,169247,18878,14411,55087,14411,5175,2543,2215,NORMAL,35.02320724,126.4883292
94,23,107407,24640,11876,23997,11876,3845,1039,3372,NORMAL,35.02320724,126.4883292
83,36,42545,19843,28168,29408,28168,4312,4867,1709,NORMAL,35.02334889,126.4882959
78,40,157001,13143,24497,27184,24497,9525,3454,2880,NORMAL,35.02405159,126.4881153
75,30,179005,47528,39379,11219,39379,6141,1739,3556,NORMAL,35.02477094,126.4878903
78,48,99174,9216,2419,50296,2419,7810,4636,4663,NORMAL,35.02528477,126.487732
88,21,227904,93367,39339,34705,39339,5217,2633,2738,NORMAL,35.02559029,126.4876098
51,37,894843,159700,30751,12135,30751,9387,7781,1949,NORMAL,35.02559029,126.4876098
53,36,62167,29407,9125,50357,9125,6358,2649,2201,NORMAL,35.02617356,126.4874515
66,16,92627,26480,23890,2216,23890,1113,454,623,NORMAL,35.02641797,126.4874098
57,13,764906,180762,36579,33419,36579,11126,7212,2012,NORMAL,35.02660406,126.4874042
63,34,87540,41804,3691,14693,3691,2548,2449,3030,NORMAL,35.02678738,126.4874098
51,3,82608,111717,37440,40423,37440,7454,2490,2513,NORMAL,35.02700402,126.4874375
53,14,518298,77716,57933,15761,57933,7577,5119,2544,NORMAL,35.02726232,126.4874875
46,22,145068,115288,30390,22957,30390,5363,3402,1520,NORMAL,35.02742342,126.4875403
47,7,285887,112162,11440,16267,11440,3979,5920,5510,NORMAL,35.02758729,126.4876097
55,15,143111,22844,12910,6759,12910,1018,717,1636,NORMAL,35.02775394,126.4876875
54,22,322747,43254,89438,23927,89438,8560,2540,4806,NORMAL,35.02789559,126.4877681
77,14,159062,50008,42006,49483,42006,9739,5554,1842,NORMAL,35.02807057,126.4878764
90,33,1044124,66350,10056,47177,10056,5918,4420,3534,NORMAL,35.02823167,126.4879847
88,43,169247,18878,14411,55087,14411,5175,2543,2215,NORMAL,35.02841776,126.4881069
94,23,107407,24640,11876,23997,11876,3845,1039,3372,NORMAL,35.02881216,126.4883791
83,36,42545,19843,28168,29408,28168,4312,4867,1709,NORMAL,35.02904547,126.4885596
78,40,157001,13143,24497,27184,24497,9525,3454,2880,NORMAL,35.02919546,126.4886818
75,30,179005,47528,39379,11219,39379,6141,1739,3556,NORMAL,35.02927323,126.488754
78,48,99174,9216,2419,50296,2419,7810,4636,4663,NORMAL,35.02936489,126.4888457
88,21,227904,93367,39339,34705,39339,5217,2633,2738,NORMAL,35.02948987,126.4889818
51,37,894843,159700,30751,12135,30751,9387,7781,1949,NORMAL,35.02963708,126.4891623
53,36,62167,29407,9125,50357,9125,6358,2649,2201,NORMAL,35.02973985,126.4893151
66,16,92627,26480,23890,2216,23890,1113,454,623,NORMAL,35.02985095,126.4894956
57,13,764906,180762,36579,33419,36579,11126,7212,2012,NORMAL,35.02995094,126.4896873
63,34,87540,41804,3691,14693,3691,2548,2449,3030,NORMAL,35.03003983,126.4898817
51,3,82608,111717,37440,40423,37440,7454,2490,2513,NORMAL,35.03010093,126.49004
53,14,518298,77716,57933,15761,57933,7577,5119,2544,NORMAL,35.03013149,126.4901317
46,22,145068,115288,30390,22957,30390,5363,3402,1520,NORMAL,35.03030648,126.4906983
47,7,285887,112162,11440,16267,11440,3979,5920,5510,NORMAL,35.03050647,126.491551
55,15,143111,22844,12910,6759,12910,1018,717,1636,NORMAL,35.0306148,126.4919398
54,22,322747,43254,89438,23927,89438,8560,2540,4806,NORMAL,35.03068701,126.4922204
77,14,159062,50008,42006,49483,42006,9739,5554,1842,NORMAL,35.03088978,126.4929481
90,33,1044124,66350,10056,47177,10056,5918,4420,3534,NORMAL,35.03122866,126.4943729
88,43,169247,18878,14411,55087,14411,5175,2543,2215,NORMAL,35.03132032,126.4945924
94,23,107407,24640,11876,23997,11876,3845,1039,3372,NORMAL,35.03154253,126.4956062
83,36,42545,19843,28168,29408,28168,4312,4867,1709,NORMAL,35.03178419,126.4966672
78,40,157001,13143,24497,27184,24497,9525,3454,2880,NORMAL,35.0319814,126.4974227
75,30,179005,47528,39379,11219,39379,6141,1739,3556,NORMAL,35.0321425,126.497992
78,48,99174,9216,2419,50296,2419,7810,4636,4663,NORMAL,35.03215917,126.4980531
88,21,227904,93367,39339,34705,39339,5217,2633,2738,NORMAL,35.03220361,126.4982059
51,37,894843,159700,30751,12135,30751,9387,7781,1949,NORMAL,35.03222027,126.4982587
53,36,62167,29407,9125,50357,9125,6358,2649,2201,NORMAL,35.03241193,126.4988836
66,16,92627,26480,23890,2216,23890,1113,454,623,NORMAL,35.03262303,126.4995391
57,13,764906,180762,36579,33419,36579,11126,7212,2012,NORMAL,35.03293134,126.5004168
63,34,87540,41804,3691,14693,3691,2548,2449,3030,NORMAL,35.03322854,126.5011834
51,3,82608,111717,37440,40423,37440,7454,2490,2513,NORMAL,35.03360352,126.5020778
53,14,518298,77716,57933,15761,57933,7577,5119,2544,NORMAL,35.03379794,126.5025055
46,22,145068,115288,30390,22957,30390,5363,3402,1520,NORMAL,35.03387849,126.5026999
47,7,285887,112162,11440,16267,11440,3979,5920,5510,NORMAL,35.03425902,126.5034971
55,15,143111,22844,12910,6759,12910,1018,717,1636,NORMAL,35.03452844,126.5040165
54,22,322747,43254,89438,23927,89438,8560,2540,4806,NORMAL,35.03475065,126.5044331
77,14,159062,50008,42006,49483,42006,9739,5554,1842,NORMAL,35.03527283,126.5053913
90,33,1044124,66350,10056,47177,10056,5918,4420,3534,NORMAL,35.03590888,126.5065218
88,43,169247,18878,14411,55087,14411,5175,2543,2215,NORMAL,35.03623108,126.5071134
94,23,107407,24640,11876,23997,11876,3845,1039,3372,NORMAL,35.03638107,126.5073994
83,36,42545,19843,28168,29408,28168,4312,4867,1709,NORMAL,35.0367116,126.508041
78,40,157001,13143,24497,27184,24497,9525,3454,2880,NORMAL,35.03700324,126.508641
75,30,179005,47528,39379,11219,39379,6141,1739,3556,NORMAL,35.03727544,126.5092548
78,48,99174,9216,2419,50296,2419,7810,4636,4663,NORMAL,35.03749765,126.5097798
88,21,227904,93367,39339,34705,39339,5217,2633,2738,NORMAL,35.03785318,126.5106269
51,37,894843,159700,30751,12135,30751,9387,7781,1949,NORMAL,35.0380976,126.5113018
53,36,62167,29407,9125,50357,9125,6358,2649,2201,NORMAL,35.03826982,126.5117907
66,16,92627,26480,23890,2216,23890,1113,454,623,NORMAL,35.0384698,126.5123712
57,13,764906,180762,36579,33419,36579,11126,7212,2012,NORMAL,35.03870868,126.5131294
63,34,87540,41804,3691,14693,3691,2548,2449,3030,NORMAL,35.03891422,126.5138849
51,3,82608,111717,37440,40423,37440,7454,2490,2513,NORMAL,35.0391031,126.5146154
53,14,518298,77716,57933,15761,57933,7577,5119,2544,NORMAL,35.03920587,126.515057
46,22,145068,115288,30390,22957,30390,5363,3402,1520,NORMAL,35.03927809,126.515382
47,7,285887,112162,11440,16267,11440,3979,5920,5510,NORMAL,35.03944476,126.5161569
55,15,143111,22844,12910,6759,12910,1018,717,1636,NORMAL,35.03969753,126.5174929
54,22,322747,43254,89438,23927,89438,8560,2540,4806,NORMAL,35.03993363,126.5187372
77,14,159062,50008,42006,49483,42006,9739,5554,1842,NORMAL,35.04021974,126.5203121
90,33,1044124,66350,10056,47177,10056,5918,4420,3534,NORMAL,35.04031973,126.5207982
88,43,169247,18878,14411,55087,14411,5175,2543,2215,NORMAL,35.04040584,126.5212398
94,23,107407,24640,11876,23997,11876,3845,1039,3372,NORMAL,35.0406725,126.5226813
83,36,42545,19843,28168,29408,28168,4312,4867,1709,NORMAL,35.04116971,126.52532
78,40,157001,13143,24497,27184,24497,9525,3454,2880,NORMAL,35.04163359,126.5277781
75,30,179005,47528,39379,11219,39379,6141,1739,3556,NORMAL,35.04175581,126.5285224
78,48,99174,9216,2419,50296,2419,7810,4636,4663,NORMAL,35.04186414,126.5290585
88,21,227904,93367,39339,34705,39339,5217,2633,2738,NORMAL,35.04188358,126.5291557
51,37,894843,159700,30751,12135,30751,9387,7781,1949,NORMAL,35.04194192,126.5294279
53,36,62167,29407,9125,50357,9125,6358,2649,2201,NORMAL,35.0420308,126.5298473
66,16,92627,26480,23890,2216,23890,1113,454,623,NORMAL,35.04218079,126.5304917
57,13,764906,180762,36579,33419,36579,11126,7212,2012,NORMAL,35.04233357,126.5311277
63,34,87540,41804,3691,14693,3691,2548,2449,3030,NORMAL,35.042553,126.5318555
51,3,82608,111717,37440,40423,37440,7454,2490,2513,NORMAL,35.04261688,126.5320665
53,14,518298,77716,57933,15761,57933,7577,5119,2544,NORMAL,35.04267521,126.5322415
46,22,145068,115288,30390,22957,30390,5363,3402,1520,NORMAL,35.04282798,126.5327109
47,7,285887,112162,11440,16267,11440,3979,5920,5510,NORMAL,35.04319184,126.5337053
55,15,143111,22844,12910,6759,12910,1018,717,1636,NORMAL,35.04341405,126.5342663
54,22,322747,43254,89438,23927,89438,8560,2540,4806,NORMAL,35.0436057,126.5347052
77,14,159062,50008,42006,49483,42006,9739,5554,1842,NORMAL,35.0437418,126.5350163
90,33,1044124,66350,10056,47177,10056,5918,4420,3534,NORMAL,35.04421954,126.5360162
88,43,169247,18878,14411,55087,14411,5175,2543,2215,NORMAL,35.04468617,126.5368855
94,23,107407,24640,11876,23997,11876,3845,1039,3372,NORMAL,35.04496115,126.537366
83,36,42545,19843,28168,29408,28168,4312,4867,1709,NORMAL,35.04575553,126.5386048
78,40,157001,13143,24497,27184,24497,9525,3454,2880,NORMAL,35.0471054,126.5405101
75,30,179005,47528,39379,11219,39379,6141,1739,3556,NORMAL,35.04832752,126.5422266
78,48,99174,9216,2419,50296,2419,7810,4636,4663,NORMAL,35.05004681,126.5446819
88,21,227904,93367,39339,34705,39339,5217,2633,2738,NORMAL,35.0501218,126.5447819
51,37,894843,159700,30751,12135,30751,9387,7781,1949,NORMAL,35.05086896,126.5458262
53,36,62167,29407,9125,50357,9125,6358,2649,2201,NORMAL,35.05095784,126.5459512
66,16,92627,26480,23890,2216,23890,1113,454,623,NORMAL,35.05259936,126.5482482
57,13,764906,180762,36579,33419,36579,11126,7212,2012,NORMAL,35.05284378,126.5486093
63,34,87540,41804,3691,14693,3691,2548,2449,3030,NORMAL,35.05323541,126.5491592
51,3,82608,111717,37440,40423,37440,7454,2490,2513,NORMAL,35.05354927,126.5496092
53,14,518298,77716,57933,15761,57933,7577,5119,2544,NORMAL,35.05391868,126.5501258
46,22,145068,115288,30390,22957,30390,5363,3402,1520,NORMAL,35.05460195,126.5510812
47,7,285887,112162,11440,16267,11440,3979,5920,5510,NORMAL,35.05496581,126.5515978
55,15,143111,22844,12910,6759,12910,1018,717,1636,NORMAL,35.05566853,126.5525866
54,22,322747,43254,89438,23927,89438,8560,2540,4806,NORMAL,35.05614071,126.5532505
77,14,159062,50008,42006,49483,42006,9739,5554,1842,NORMAL,35.05689619,126.5543364
90,33,1044124,66350,10056,47177,10056,5918,4420,3534,NORMAL,35.05751559,126.5553197
88,43,169247,18878,14411,55087,14411,5175,2543,2215,NORMAL,35.05777667,126.5557807
94,23,107407,24640,11876,23997,11876,3845,1039,3372,NORMAL,35.05807943,126.5563335
83,36,42545,19843,28168,29408,28168,4312,4867,1709,NORMAL,35.05843218,126.5570306
78,40,157001,13143,24497,27184,24497,9525,3454,2880,NORMAL,35.0588877,126.5580277
75,30,179005,47528,39379,11219,39379,6141,1739,3556,NORMAL,35.05927656,126.5589582
78,48,99174,9216,2419,50296,2419,7810,4636,4663,NORMAL,35.05962098,126.5598803
88,21,227904,93367,39339,34705,39339,5217,2633,2738,NORMAL,35.05983763,126.5605553
51,37,894843,159700,30751,12135,30751,9387,7781,1949,NORMAL,35.06002373,126.5611719
53,36,62167,29407,9125,50357,9125,6358,2649,2201,NORMAL,35.06018484,126.5617885
66,16,92627,26480,23890,2216,23890,1113,454,623,NORMAL,35.06034038,126.5624356
57,13,764906,180762,36579,33419,36579,11126,7212,2012,NORMAL,35.06050149,126.5631272
63,34,87540,41804,3691,14693,3691,2548,2449,3030,NORMAL,35.06062649,126.5637716
51,3,82608,111717,37440,40423,37440,7454,2490,2513,NORMAL,35.06070982,126.5642521
53,14,518298,77716,57933,15761,57933,7577,5119,2544,NORMAL,35.06080704,126.564791
46,22,145068,115288,30390,22957,30390,5363,3402,1520,NORMAL,35.06094037,126.5655465
47,7,285887,112162,11440,16267,11440,3979,5920,5510,NORMAL,35.06113481,126.566713
55,15,143111,22844,12910,6759,12910,1018,717,1636,NORMAL,35.06130981,126.5676796
54,22,322747,43254,89438,23927,89438,8560,2540,4806,NORMAL,35.06149036,126.5685462
77,14,159062,50008,42006,49483,42006,9739,5554,1842,NORMAL,35.06155146,126.5688323
90,33,1044124,66350,10056,47177,10056,5918,4420,3534,NORMAL,35.06168201,126.5693822
88,43,169247,18878,14411,55087,14411,5175,2543,2215,NORMAL,35.06190978,126.5702155
94,23,107407,24640,11876,23997,11876,3845,1039,3372,NORMAL,35.06214588,126.5709571
83,36,42545,19843,28168,29408,28168,4312,4867,1709,NORMAL,35.0622542,126.5712848
78,40,157001,13143,24497,27184,24497,9525,3454,2880,NORMAL,35.06247919,126.5718931
75,30,179005,47528,39379,11219,39379,6141,1739,3556,NORMAL,35.06279306,126.5726902
78,48,99174,9216,2419,50296,2419,7810,4636,4663,NORMAL,35.06297082,126.5731319
88,21,227904,93367,39339,34705,39339,5217,2633,2738,NORMAL,35.06363188,126.5747567
51,37,894843,159700,30751,12135,30751,9387,7781,1949,NORMAL,35.06429295,126.5763482
53,36,62167,29407,9125,50357,9125,6358,2649,2201,NORMAL,35.0646707,126.5772509
66,16,92627,26480,23890,2216,23890,1113,454,623,NORMAL,35.06508178,126.5783452
57,13,764906,180762,36579,33419,36579,11126,7212,2012,NORMAL,35.06534843,126.579159
63,34,87540,41804,3691,14693,3691,2548,2449,3030,NORMAL,35.06552897,126.5797312
51,3,82608,111717,37440,40423,37440,7454,2490,2513,NORMAL,35.06574285,126.5804867
53,14,518298,77716,57933,15761,57933,7577,5119,2544,NORMAL,35.06591507,126.5811727
46,22,145068,115288,30390,22957,30390,5363,3402,1520,NORMAL,35.06610117,126.5820088
47,7,285887,112162,11440,16267,11440,3979,5920,5510,NORMAL,35.06621506,126.5825865
55,15,143111,22844,12910,6759,12910,1018,717,1636,NORMAL,35.06629561,126.5830226
54,22,322747,43254,89438,23927,89438,8560,2540,4806,NORMAL,35.06639005,126.5836892
77,14,159062,50008,42006,49483,42006,9739,5554,1842,NORMAL,35.06649005,126.5844141
90,33,1044124,66350,10056,47177,10056,5918,4420,3534,NORMAL,35.06655395,126.5850252
88,43,169247,18878,14411,55087,14411,5175,2543,2215,NORMAL,35.0666484,126.5862834
94,23,107407,24640,11876,23997,11876,3845,1039,3372,NORMAL,35.06669286,126.5872722
83,36,42545,19843,28168,29408,28168,4312,4867,1709,NORMAL,35.06679844,126.5898386
78,40,157001,13143,24497,27184,24497,9525,3454,2880,NORMAL,35.06690125,126.5923078
75,30,179005,47528,39379,11219,39379,6141,1739,3556,NORMAL,35.06692348,126.5930022
78,48,99174,9216,2419,50296,2419,7810,4636,4663,NORMAL,35.06692626,126.5930744
88,21,227904,93367,39339,34705,39339,5217,2633,2738,NORMAL,35.06694293,126.5936299
51,37,894843,159700,30751,12135,30751,9387,7781,1949,NORMAL,35.06697906,126.594491
53,36,62167,29407,9125,50357,9125,6358,2649,2201,NORMAL,35.06707352,126.5960575
66,16,92627,26480,23890,2216,23890,1113,454,623,NORMAL,35.06708741,126.5963964
57,13,764906,180762,36579,33419,36579,11126,7212,2012,NORMAL,35.06712909,126.5972852
63,34,87540,41804,3691,14693,3691,2548,2449,3030,NORMAL,35.0671402,126.5975324
51,3,82608,111717,37440,40423,37440,7454,2490,2513,NORMAL,35.06717076,126.5981407
53,14,518298,77716,57933,15761,57933,7577,5119,2544,NORMAL,35.06720965,126.5986323
46,22,145068,115288,30390,22957,30390,5363,3402,1520,NORMAL,35.0673041,126.5995516
47,7,285887,112162,11440,16267,11440,3979,5920,5510,NORMAL,35.06740133,126.6002321
55,15,143111,22844,12910,6759,12910,1018,717,1636,NORMAL,35.06749855,126.6008821
54,22,322747,43254,89438,23927,89438,8560,2540,4806,NORMAL,35.06758466,126.601407
77,14,159062,50008,42006,49483,42006,9739,5554,1842,NORMAL,35.06769021,126.6018931
90,33,1044124,66350,10056,47177,10056,5918,4420,3534,NORMAL,35.06769854,126.6019292
88,43,169247,18878,14411,55087,14411,5175,2543,2215,NORMAL,35.06792631,126.6029291
94,23,107407,24640,11876,23997,11876,3845,1039,3372,NORMAL,35.06814852,126.6037485
83,36,42545,19843,28168,29408,28168,4312,4867,1709,NORMAL,35.06829574,126.6042373
78,40,157001,13143,24497,27184,24497,9525,3454,2880,NORMAL,35.06854572,126.6050317
75,30,179005,47528,39379,11219,39379,6141,1739,3556,NORMAL,35.06874571,126.6055844
78,48,99174,9216,2419,50296,2419,7810,4636,4663,NORMAL,35.06901791,126.606276
88,21,227904,93367,39339,34705,39339,5217,2633,2738,NORMAL,35.06934289,126.6070593
51,37,894843,159700,30751,12135,30751,9387,7781,1949,NORMAL,35.06963175,126.6076925
53,36,62167,29407,9125,50357,9125,6358,2649,2201,NORMAL,35.0698734,126.6081786
66,16,92627,26480,23890,2216,23890,1113,454,623,NORMAL,35.07020671,126.6088174
57,13,764906,180762,36579,33419,36579,11126,7212,2012,NORMAL,35.07053168,126.609409
63,34,87540,41804,3691,14693,3691,2548,2449,3030,NORMAL,35.07062889,126.6096062
51,3,82608,111717,37440,40423,37440,7454,2490,2513,NORMAL,35.07109552,126.6104589
53,14,518298,77716,57933,15761,57933,7577,5119,2544,NORMAL,35.07182046,126.6117838
46,22,145068,115288,30390,22957,30390,5363,3402,1520,NORMAL,35.07218988,126.6124531
47,7,285887,112162,11440,16267,11440,3979,5920,5510,NORMAL,35.07262873,126.6132531
55,15,143111,22844,12910,6759,12910,1018,717,1636,NORMAL,35.07305647,126.6140669
54,22,322747,43254,89438,23927,89438,8560,2540,4806,NORMAL,35.07337589,126.6147057
77,14,159062,50008,42006,49483,42006,9739,5554,1842,NORMAL,35.07363143,126.6152556
90,33,1044124,66350,10056,47177,10056,5918,4420,3534,NORMAL,35.07396474,126.6160195
88,43,169247,18878,14411,55087,14411,5175,2543,2215,NORMAL,35.07426471,126.6167722
94,23,107407,24640,11876,23997,11876,3845,1039,3372,NORMAL,35.07458414,126.6176665
83,36,42545,19843,28168,29408,28168,4312,4867,1709,NORMAL,35.07470357,126.6180082
78,40,157001,13143,24497,27184,24497,9525,3454,2880,NORMAL,35.07482301,126.6183776
75,30,179005,47528,39379,11219,39379,6141,1739,3556,NORMAL,35.075023,126.6190358
78,48,99174,9216,2419,50296,2419,7810,4636,4663,NORMAL,35.07527299,126.6199635
88,21,227904,93367,39339,34705,39339,5217,2633,2738,NORMAL,35.07548409,126.6208634
51,37,894843,159700,30751,12135,30751,9387,7781,1949,NORMAL,35.07558686,126.6213301
53,36,62167,29407,9125,50357,9125,6358,2649,2201,NORMAL,35.07569797,126.6219383
66,16,92627,26480,23890,2216,23890,1113,454,623,NORMAL,35.07584519,126.6227438
57,13,764906,180762,36579,33419,36579,11126,7212,2012,NORMAL,35.07586186,126.6228716
63,34,87540,41804,3691,14693,3691,2548,2449,3030,NORMAL,35.07587575,126.6229799
51,3,82608,111717,37440,40423,37440,7454,2490,2513,NORMAL,35.07592575,126.6233354
53,14,518298,77716,57933,15761,57933,7577,5119,2544,NORMAL,35.07603686,126.6242131
46,22,145068,115288,30390,22957,30390,5363,3402,1520,NORMAL,35.07610353,126.6250103
47,7,285887,112162,11440,16267,11440,3979,5920,5510,NORMAL,35.07615632,126.625988
55,15,143111,22844,12910,6759,12910,1018,717,1636,NORMAL,35.07618689,126.6268823
54,22,322747,43254,89438,23927,89438,8560,2540,4806,NORMAL,35.07618135,126.6279128
77,14,159062,50008,42006,49483,42006,9739,5554,1842,NORMAL,35.07615638,126.6294127
90,33,1044124,66350,10056,47177,10056,5918,4420,3534,NORMAL,35.0761425,126.6300793
88,43,169247,18878,14411,55087,14411,5175,2543,2215,NORMAL,35.07611474,126.6310042
94,23,107407,24640,11876,23997,11876,3845,1039,3372,NORMAL,35.07606479,126.6334512
83,36,42545,19843,28168,29408,28168,4312,4867,1709,NORMAL,35.07605924,126.6340039
78,40,157001,13143,24497,27184,24497,9525,3454,2880,NORMAL,35.07606203,126.6345817
75,30,179005,47528,39379,11219,39379,6141,1739,3556,NORMAL,35.07607315,126.6348983
78,48,99174,9216,2419,50296,2419,7810,4636,4663,NORMAL,35.0760926,126.6353816
88,21,227904,93367,39339,34705,39339,5217,2633,2738,NORMAL,35.07612871,126.6359371
51,37,894843,159700,30751,12135,30751,9387,7781,1949,NORMAL,35.07617594,126.6363676
53,36,62167,29407,9125,50357,9125,6358,2649,2201,NORMAL,35.07626205,126.6369731
66,16,92627,26480,23890,2216,23890,1113,454,623,NORMAL,35.07632871,126.6374008
57,13,764906,180762,36579,33419,36579,11126,7212,2012,NORMAL,35.07640927,126.6378064
63,34,87540,41804,3691,14693,3691,2548,2449,3030,NORMAL,35.07649538,126.6382258
51,3,82608,111717,37440,40423,37440,7454,2490,2513,NORMAL,35.07659815,126.6386535
53,14,518298,77716,57933,15761,57933,7577,5119,2544,NORMAL,35.07678981,126.6393284
46,22,145068,115288,30390,22957,30390,5363,3402,1520,NORMAL,35.07692869,126.6397534
47,7,285887,112162,11440,16267,11440,3979,5920,5510,NORMAL,35.07735921,126.6409866
55,15,143111,22844,12910,6759,12910,1018,717,1636,NORMAL,35.07743143,126.6412005
54,22,322747,43254,89438,23927,89438,8560,2540,4806,NORMAL,35.07774808,126.6420809
77,14,159062,50008,42006,49483,42006,9739,5554,1842,NORMAL,35.07809527,126.643042
90,33,1044124,66350,10056,47177,10056,5918,4420,3534,NORMAL,35.07841748,126.6439197
88,43,169247,18878,14411,55087,14411,5175,2543,2215,NORMAL,35.07875079,126.6448529
94,23,107407,24640,11876,23997,11876,3845,1039,3372,NORMAL,35.07905077,126.6456889
83,36,42545,19843,28168,29408,28168,4312,4867,1709,NORMAL,35.07957851,126.6471388
78,40,157001,13143,24497,27184,24497,9525,3454,2880,NORMAL,35.07989516,126.6480998
75,30,179005,47528,39379,11219,39379,6141,1739,3556,NORMAL,35.07994238,126.6482526
78,48,99174,9216,2419,50296,2419,7810,4636,4663,NORMAL,35.08013403,126.6489081
88,21,227904,93367,39339,34705,39339,5217,2633,2738,NORMAL,35.08032291,126.6496191
51,37,894843,159700,30751,12135,30751,9387,7781,1949,NORMAL,35.0804368,126.6501357
53,36,62167,29407,9125,50357,9125,6358,2649,2201,NORMAL,35.0804979,126.6503913
66,16,92627,26480,23890,2216,23890,1113,454,623,NORMAL,35.08068123,126.6512801
57,13,764906,180762,36579,33419,36579,11126,7212,2012,NORMAL,35.08080345,126.6519522
63,34,87540,41804,3691,14693,3691,2548,2449,3030,NORMAL,35.08091178,126.6524799
51,3,82608,111717,37440,40423,37440,7454,2490,2513,NORMAL,35.08112011,126.6534076
53,14,518298,77716,57933,15761,57933,7577,5119,2544,NORMAL,35.08140065,126.6544603
46,22,145068,115288,30390,22957,30390,5363,3402,1520,NORMAL,35.08162841,126.6552325
47,7,285887,112162,11440,16267,11440,3979,5920,5510,NORMAL,35.08196172,126.656224
55,15,143111,22844,12910,6759,12910,1018,717,1636,NORMAL,35.08200617,126.6563574
54,22,322747,43254,89438,23927,89438,8560,2540,4806,NORMAL,35.08242836,126.6574489
77,14,159062,50008,42006,49483,42006,9739,5554,1842,NORMAL,35.08282555,126.6583655
90,33,1044124,66350,10056,47177,10056,5918,4420,3534,NORMAL,35.08322552,126.6592154
88,43,169247,18878,14411,55087,14411,5175,2543,2215,NORMAL,35.08350328,126.6597404
94,23,107407,24640,11876,23997,11876,3845,1039,3372,NORMAL,35.08373937,126.6601931
83,36,42545,19843,28168,29408,28168,4312,4867,1709,NORMAL,35.0839088,126.6605264
78,40,157001,13143,24497,27184,24497,9525,3454,2880,NORMAL,35.08436709,126.6612735
75,30,179005,47528,39379,11219,39379,6141,1739,3556,NORMAL,35.08475039,126.6618846
78,48,99174,9216,2419,50296,2419,7810,4636,4663,NORMAL,35.08518369,126.6625567
88,21,227904,93367,39339,34705,39339,5217,2633,2738,NORMAL,35.08578919,126.6634872
51,37,894843,159700,30751,12135,30751,9387,7781,1949,NORMAL,35.08640025,126.664426
53,36,62167,29407,9125,50357,9125,6358,2649,2201,NORMAL,35.08659468,126.6647232
66,16,92627,26480,23890,2216,23890,1113,454,623,NORMAL,35.0866169,126.6647593
57,13,764906,180762,36579,33419,36579,11126,7212,2012,NORMAL,35.08731961,126.6658536
63,34,87540,41804,3691,14693,3691,2548,2449,3030,NORMAL,35.08750849,126.6661286
51,3,82608,111717,37440,40423,37440,7454,2490,2513,NORMAL,35.08796122,126.6668341
53,14,518298,77716,57933,15761,57933,7577,5119,2544,NORMAL,35.08835841,126.6674368
46,22,145068,115288,30390,22957,30390,5363,3402,1520,NORMAL,35.08981106,126.6696838
47,7,285887,112162,11440,16267,11440,3979,5920,5510,NORMAL,35.09052767,126.670792
55,15,143111,22844,12910,6759,12910,1018,717,1636,NORMAL,35.09114706,126.6717419
54,22,322747,43254,89438,23927,89438,8560,2540,4806,NORMAL,35.09184422,126.672814
77,14,159062,50008,42006,49483,42006,9739,5554,1842,NORMAL,35.09265526,126.674075
90,33,1044124,66350,10056,47177,10056,5918,4420,3534,NORMAL,35.09317744,126.6748888
88,43,169247,18878,14411,55087,14411,5175,2543,2215,NORMAL,35.09377738,126.675897
94,23,107407,24640,11876,23997,11876,3845,1039,3372,NORMAL,35.09390515,126.6761303
83,36,42545,19843,28168,29408,28168,4312,4867,1709,NORMAL,35.09437178,126.6769858
78,40,157001,13143,24497,27184,24497,9525,3454,2880,NORMAL,35.09466342,126.6775413
75,30,179005,47528,39379,11219,39379,6141,1739,3556,NORMAL,35.09510228,126.6784217
78,48,99174,9216,2419,50296,2419,7810,4636,4663,NORMAL,35.09536337,126.6789828
88,21,227904,93367,39339,34705,39339,5217,2633,2738,NORMAL,35.0955328,126.6793633
51,37,894843,159700,30751,12135,30751,9387,7781,1949,NORMAL,35.09577445,126.679891
53,36,62167,29407,9125,50357,9125,6358,2649,2201,NORMAL,35.09604943,126.6805493
66,16,92627,26480,23890,2216,23890,1113,454,623,NORMAL,35.09625775,126.6810493
57,13,764906,180762,36579,33419,36579,11126,7212,2012,NORMAL,35.09636885,126.6813353
63,34,87540,41804,3691,14693,3691,2548,2449,3030,NORMAL,35.09655217,126.6818159
51,3,82608,111717,37440,40423,37440,7454,2490,2513,NORMAL,35.09672438,126.6822769
53,14,518298,77716,57933,15761,57933,7577,5119,2544,NORMAL,35.09700214,126.6830741
46,22,145068,115288,30390,22957,30390,5363,3402,1520,NORMAL,35.09711602,126.6834213
47,7,285887,112162,11440,16267,11440,3979,5920,5510,NORMAL,35.09734934,126.684124
55,15,143111,22844,12910,6759,12910,1018,717,1636,NORMAL,35.09744378,126.6844239
54,22,322747,43254,89438,23927,89438,8560,2540,4806,NORMAL,35.09769376,126.6852211
77,14,159062,50008,42006,49483,42006,9739,5554,1842,NORMAL,35.09800486,126.6861988
90,33,1044124,66350,10056,47177,10056,5918,4420,3534,NORMAL,35.09822151,126.6868848
88,43,169247,18878,14411,55087,14411,5175,2543,2215,NORMAL,35.09836872,126.6873487
94,23,107407,24640,11876,23997,11876,3845,1039,3372,NORMAL,35.09853816,126.6878958
83,36,42545,19843,28168,29408,28168,4312,4867,1709,NORMAL,35.09904091,126.6894762
78,40,157001,13143,24497,27184,24497,9525,3454,2880,NORMAL,35.09958254,126.6911705
75,30,179005,47528,39379,11219,39379,6141,1739,3556,NORMAL,35.0996242,126.6912844
78,48,99174,9216,2419,50296,2419,7810,4636,4663,NORMAL,35.09978808,126.6917538
88,21,227904,93367,39339,34705,39339,5217,2633,2738,NORMAL,35.09994363,126.6921899
51,37,894843,159700,30751,12135,30751,9387,7781,1949,NORMAL,35.10047137,126.6935119
53,36,62167,29407,9125,50357,9125,6358,2649,2201,NORMAL,35.10192959,126.6965839
66,16,92627,26480,23890,2216,23890,1113,454,623,NORMAL,35.10220734,126.6971255
57,13,764906,180762,36579,33419,36579,11126,7212,2012,NORMAL,35.10230456,126.6973421
63,34,87540,41804,3691,14693,3691,2548,2449,3030,NORMAL,35.10233789,126.6974116
51,3,82608,111717,37440,40423,37440,7454,2490,2513,NORMAL,35.10292673,126.6985892
53,14,518298,77716,57933,15761,57933,7577,5119,2544,NORMAL,35.10337114,126.6994586
46,22,145068,115288,30390,22957,30390,5363,3402,1520,NORMAL,35.10374333,126.7002002
47,7,285887,112162,11440,16267,11440,3979,5920,5510,NORMAL,35.10421552,126.7011306
55,15,143111,22844,12910,6759,12910,1018,717,1636,NORMAL,35.1046877,126.7020583
54,22,322747,43254,89438,23927,89438,8560,2540,4806,NORMAL,35.10508767,126.7028554
77,14,159062,50008,42006,49483,42006,9739,5554,1842,NORMAL,35.10557652,126.7038248
90,33,1044124,66350,10056,47177,10056,5918,4420,3534,NORMAL,35.10624035,126.7051302
88,43,169247,18878,14411,55087,14411,5175,2543,2215,NORMAL,35.10667921,126.7059968
94,23,107407,24640,11876,23997,11876,3845,1039,3372,NORMAL,35.10736249,126.7073467
83,36,42545,19843,28168,29408,28168,4312,4867,1709,NORMAL,35.10810132,126.7088048
78,40,157001,13143,24497,27184,24497,9525,3454,2880,NORMAL,35.10832074,126.7092492
75,30,179005,47528,39379,11219,39379,6141,1739,3556,NORMAL,35.10850129,126.7096353
78,48,99174,9216,2419,50296,2419,7810,4636,4663,NORMAL,35.10866794,126.7100297
88,21,227904,93367,39339,34705,39339,5217,2633,2738,NORMAL,35.10893181,126.7107435
51,37,894843,159700,30751,12135,30751,9387,7781,1949,NORMAL,35.10900681,126.7109907
53,36,62167,29407,9125,50357,9125,6358,2649,2201,NORMAL,35.10911236,126.7113296
66,16,92627,26480,23890,2216,23890,1113,454,623,NORMAL,35.10920402,126.711674
57,13,764906,180762,36579,33419,36579,11126,7212,2012,NORMAL,35.1093179,126.7121629
63,34,87540,41804,3691,14693,3691,2548,2449,3030,NORMAL,35.1094179,126.7126822
51,3,82608,111717,37440,40423,37440,7454,2490,2513,NORMAL,35.10948179,126.7131155
53,14,518298,77716,57933,15761,57933,7577,5119,2544,NORMAL,35.10955957,126.7138544
46,22,145068,115288,30390,22957,30390,5363,3402,1520,NORMAL,35.10961236,126.7146793
47,7,285887,112162,11440,16267,11440,3979,5920,5510,NORMAL,35.10967348,126.7158625
55,15,143111,22844,12910,6759,12910,1018,717,1636,NORMAL,35.10976239,126.7178596
54,22,322747,43254,89438,23927,89438,8560,2540,4806,NORMAL,35.10979851,126.7183317
77,14,159062,50008,42006,49483,42006,9739,5554,1842,NORMAL,35.1098374,126.7187428
90,33,1044124,66350,10056,47177,10056,5918,4420,3534,NORMAL,35.10989018,126.7191317
88,43,169247,18878,14411,55087,14411,5175,2543,2215,NORMAL,35.10990407,126.7192205
94,23,107407,24640,11876,23997,11876,3845,1039,3372,NORMAL,35.10997073,126.7196511
83,36,42545,19843,28168,29408,28168,4312,4867,1709,NORMAL,35.1100985,126.7202205
78,40,157001,13143,24497,27184,24497,9525,3454,2880,NORMAL,35.11025961,126.7207954
75,30,179005,47528,39379,11219,39379,6141,1739,3556,NORMAL,35.1104096,126.7212426
78,48,99174,9216,2419,50296,2419,7810,4636,4663,NORMAL,35.11059292,126.7217036
88,21,227904,93367,39339,34705,39339,5217,2633,2738,NORMAL,35.11075124,126.7220647
51,37,894843,159700,30751,12135,30751,9387,7781,1949,NORMAL,35.110954,126.7224619
53,36,62167,29407,9125,50357,9125,6358,2649,2201,NORMAL,35.11105121,126.7226452
66,16,92627,26480,23890,2216,23890,1113,454,623,NORMAL,35.11124287,126.7229618
57,13,764906,180762,36579,33419,36579,11126,7212,2012,NORMAL,35.11151784,126.7233813
63,34,87540,41804,3691,14693,3691,2548,2449,3030,NORMAL,35.11181226,126.7237868
51,3,82608,111717,37440,40423,37440,7454,2490,2513,NORMAL,35.11249831,126.7247006
53,14,518298,77716,57933,15761,57933,7577,5119,2544,NORMAL,35.11254553,126.7247644
46,22,145068,115288,30390,22957,30390,5363,3402,1520,NORMAL,35.11313158,126.7255477
47,7,285887,112162,11440,16267,11440,3979,5920,5510,NORMAL,35.11413983,126.7268642
55,15,143111,22844,12910,6759,12910,1018,717,1636,NORMAL,35.11600077,126.7293195
54,22,322747,43254,89438,23927,89438,8560,2540,4806,NORMAL,35.11645628,126.7299417
77,14,159062,50008,42006,49483,42006,9739,5554,1842,NORMAL,35.11721455,126.7309249
90,33,1044124,66350,10056,47177,10056,5918,4420,3534,NORMAL,35.11784504,126.7317387
88,43,169247,18878,14411,55087,14411,5175,2543,2215,NORMAL,35.11838666,126.7324358
94,23,107407,24640,11876,23997,11876,3845,1039,3372,NORMAL,35.11847276,126.7325442
83,36,42545,19843,28168,29408,28168,4312,4867,1709,NORMAL,35.11866997,126.732808
78,40,157001,13143,24497,27184,24497,9525,3454,2880,NORMAL,35.1198032,126.7343106
75,30,179005,47528,39379,11219,39379,6141,1739,3556,NORMAL,35.11982264,126.7343329
78,48,99174,9216,2419,50296,2419,7810,4636,4663,NORMAL,35.12007262,126.7346328
88,21,227904,93367,39339,34705,39339,5217,2633,2738,NORMAL,35.12042259,126.7350467
51,37,894843,159700,30751,12135,30751,9387,7781,1949,NORMAL,35.12079477,126.7354605
53,36,62167,29407,9125,50357,9125,6358,2649,2201,NORMAL,35.12118918,126.7359077
66,16,92627,26480,23890,2216,23890,1113,454,623,NORMAL,35.12147249,126.736216
57,13,764906,180762,36579,33419,36579,11126,7212,2012,NORMAL,35.12199188,126.7367659
63,34,87540,41804,3691,14693,3691,2548,2449,3030,NORMAL,35.12248072,126.737252
51,3,82608,111717,37440,40423,37440,7454,2490,2513,NORMAL,35.12299179,126.7377547
53,14,518298,77716,57933,15761,57933,7577,5119,2544,NORMAL,35.12358339,126.7383019
46,22,145068,115288,30390,22957,30390,5363,3402,1520,NORMAL,35.12399447,126.7386574
47,7,285887,112162,11440,16267,11440,3979,5920,5510,NORMAL,35.12447775,126.7390795
55,15,143111,22844,12910,6759,12910,1018,717,1636,NORMAL,35.12510547,126.7395934
54,22,322747,43254,89438,23927,89438,8560,2540,4806,NORMAL,35.12565819,126.7400211
77,14,159062,50008,42006,49483,42006,9739,5554,1842,NORMAL,35.12659421,126.7407182
90,33,1044124,66350,10056,47177,10056,5918,4420,3534,NORMAL,35.12697195,126.7409793
88,43,169247,18878,14411,55087,14411,5175,2543,2215,NORMAL,35.12756633,126.7413793
94,23,107407,24640,11876,23997,11876,3845,1039,3372,NORMAL,35.12833014,126.7418625
83,36,42545,19843,28168,29408,28168,4312,4867,1709,NORMAL,35.12909673,126.7423208
78,40,157001,13143,24497,27184,24497,9525,3454,2880,NORMAL,35.13002996,126.7428291
75,30,179005,47528,39379,11219,39379,6141,1739,3556,NORMAL,35.13051602,126.7430846
78,48,99174,9216,2419,50296,2419,7810,4636,4663,NORMAL,35.13112429,126.7434262
88,21,227904,93367,39339,34705,39339,5217,2633,2738,NORMAL,35.13120206,126.7434707
51,37,894843,159700,30751,12135,30751,9387,7781,1949,NORMAL,35.13189088,126.7438623
53,36,62167,29407,9125,50357,9125,6358,2649,2201,NORMAL,35.13237139,126.7441428
66,16,92627,26480,23890,2216,23890,1113,454,623,NORMAL,35.13298799,126.744515
57,13,764906,180762,36579,33419,36579,11126,7212,2012,NORMAL,35.13372125,126.7449649
63,34,87540,41804,3691,14693,3691,2548,2449,3030,NORMAL,35.13434896,126.7453676
51,3,82608,111717,37440,40423,37440,7454,2490,2513,NORMAL,35.13524054,126.745962
53,14,518298,77716,57933,15761,57933,7577,5119,2544,NORMAL,35.13590158,126.7464064
46,22,145068,115288,30390,22957,30390,5363,3402,1520,NORMAL,35.13670983,126.7469397
47,7,285887,112162,11440,16267,11440,3979,5920,5510,NORMAL,35.13762641,126.7475062
55,15,143111,22844,12910,6759,12910,1018,717,1636,NORMAL,35.13810691,126.7478007
54,22,322747,43254,89438,23927,89438,8560,2540,4806,NORMAL,35.138343,126.7479395
77,14,159062,50008,42006,49483,42006,9739,5554,1842,NORMAL,35.13839299,126.7479673
90,33,1044124,66350,10056,47177,10056,5918,4420,3534,NORMAL,35.13852631,126.7480423
88,43,169247,18878,14411,55087,14411,5175,2543,2215,NORMAL,35.13901237,126.7483284
94,23,107407,24640,11876,23997,11876,3845,1039,3372,NORMAL,35.13932345,126.7485283
83,36,42545,19843,28168,29408,28168,4312,4867,1709,NORMAL,35.13971786,126.7487755
78,40,157001,13143,24497,27184,24497,9525,3454,2880,NORMAL,35.14010393,126.749056
75,30,179005,47528,39379,11219,39379,6141,1739,3556,NORMAL,35.14043723,126.7493088
78,48,99174,9216,2419,50296,2419,7810,4636,4663,NORMAL,35.14067054,126.7494949
88,21,227904,93367,39339,34705,39339,5217,2633,2738,NORMAL,35.14100662,126.7497782
51,37,894843,159700,30751,12135,30751,9387,7781,1949,NORMAL,35.1412927,126.7500448
53,36,62167,29407,9125,50357,9125,6358,2649,2201,NORMAL,35.14163989,126.7503781
66,16,92627,26480,23890,2216,23890,1113,454,623,NORMAL,35.14192875,126.7506725
57,13,764906,180762,36579,33419,36579,11126,7212,2012,NORMAL,35.14217873,126.7509475
63,34,87540,41804,3691,14693,3691,2548,2449,3030,NORMAL,35.14269257,126.7515308
51,3,82608,111717,37440,40423,37440,7454,2490,2513,NORMAL,35.14273701,126.7515835
53,14,518298,77716,57933,15761,57933,7577,5119,2544,NORMAL,35.14345916,126.7525445
46,22,145068,115288,30390,22957,30390,5363,3402,1520,NORMAL,35.14390079,126.7532195
47,7,285887,112162,11440,16267,11440,3979,5920,5510,NORMAL,35.14415355,126.7536639
55,15,143111,22844,12910,6759,12910,1018,717,1636,NORMAL,35.14447574,126.7542277
54,22,322747,43254,89438,23927,89438,8560,2540,4806,NORMAL,35.14510903,126.7554054
77,14,159062,50008,42006,49483,42006,9739,5554,1842,NORMAL,35.14565898,126.7564386
90,33,1044124,66350,10056,47177,10056,5918,4420,3534,NORMAL,35.14687277,126.7586828
88,43,169247,18878,14411,55087,14411,5175,2543,2215,NORMAL,35.14691443,126.758755
94,23,107407,24640,11876,23997,11876,3845,1039,3372,NORMAL,35.14748661,126.7597494
83,36,42545,19843,28168,29408,28168,4312,4867,1709,NORMAL,35.14806989,126.7606493
78,40,157001,13143,24497,27184,24497,9525,3454,2880,NORMAL,35.14836986,126.7610714
75,30,179005,47528,39379,11219,39379,6141,1739,3556,NORMAL,35.14892537,126.7618075
78,48,99174,9216,2419,50296,2419,7810,4636,4663,NORMAL,35.14924756,126.7622047
88,21,227904,93367,39339,34705,39339,5217,2633,2738,NORMAL,35.14968641,126.7627157
51,37,894843,159700,30751,12135,30751,9387,7781,1949,NORMAL,35.15038912,126.7634628
53,36,62167,29407,9125,50357,9125,6358,2649,2201,NORMAL,35.15098628,126.7640461
66,16,92627,26480,23890,2216,23890,1113,454,623,NORMAL,35.15225005,126.7651349
57,13,764906,180762,36579,33419,36579,11126,7212,2012,NORMAL,35.15330272,126.7660042
63,34,87540,41804,3691,14693,3691,2548,2449,3030,NORMAL,35.15446927,126.7670235
51,3,82608,111717,37440,40423,37440,7454,2490,2513,NORMAL,35.15529142,126.7679012
53,14,518298,77716,57933,15761,57933,7577,5119,2544,NORMAL,35.1560358,126.7688622
46,22,145068,115288,30390,22957,30390,5363,3402,1520,NORMAL,35.15659408,126.7697121
47,7,285887,112162,11440,16267,11440,3979,5920,5510,NORMAL,35.15716903,126.7707509
55,15,143111,22844,12910,6759,12910,1018,717,1636,NORMAL,35.15752456,126.7715481
54,22,322747,43254,89438,23927,89438,8560,2540,4806,NORMAL,35.15791898,126.7725174
77,14,159062,50008,42006,49483,42006,9739,5554,1842,NORMAL,35.15824118,126.7735423
90,33,1044124,66350,10056,47177,10056,5918,4420,3534,NORMAL,35.15841062,126.7742617
88,43,169247,18878,14411,55087,14411,5175,2543,2215,NORMAL,35.15851339,126.7747283
94,23,107407,24640,11876,23997,11876,3845,1039,3372,NORMAL,35.15853561,126.7748533
83,36,42545,19843,28168,29408,28168,4312,4867,1709,NORMAL,35.15861061,126.775256
78,40,157001,13143,24497,27184,24497,9525,3454,2880,NORMAL,35.15872172,126.7759143
75,30,179005,47528,39379,11219,39379,6141,1739,3556,NORMAL,35.15880506,126.7765365
78,48,99174,9216,2419,50296,2419,7810,4636,4663,NORMAL,35.15898284,126.7778503
88,21,227904,93367,39339,34705,39339,5217,2633,2738,NORMAL,35.15898284,126.7778503
51,37,894843,159700,30751,12135,30751,9387,7781,1949,NORMAL,35.15897729,126.7782697
53,36,62167,29407,9125,50357,9125,6358,2649,2201,NORMAL,35.15897174,126.7786696
66,16,92627,26480,23890,2216,23890,1113,454,623,NORMAL,35.15897452,126.7790613
57,13,764906,180762,36579,33419,36579,11126,7212,2012,NORMAL,35.15897452,126.7790613
63,34,87540,41804,3691,14693,3691,2548,2449,3030,NORMAL,35.15898842,126.7793418
51,3,82608,111717,37440,40423,37440,7454,2490,2513,NORMAL,35.15900786,126.779614
53,14,518298,77716,57933,15761,57933,7577,5119,2544,NORMAL,35.15902453,126.7798612
46,22,145068,115288,30390,22957,30390,5363,3402,1520,NORMAL,35.15903565,126.7805472
47,7,285887,112162,11440,16267,11440,3979,5920,5510,NORMAL,35.15904399,126.7809833
55,15,143111,22844,12910,6759,12910,1018,717,1636,NORMAL,35.15906344,126.7811861
54,22,322747,43254,89438,23927,89438,8560,2540,4806,NORMAL,35.15909955,126.7813361
77,14,159062,50008,42006,49483,42006,9739,5554,1842,NORMAL,35.15914677,126.7814721
90,33,1044124,66350,10056,47177,10056,5918,4420,3534,NORMAL,35.15919398,126.7815694
88,43,169247,18878,14411,55087,14411,5175,2543,2215,NORMAL,35.15923843,126.7816444
94,23,107407,24640,11876,23997,11876,3845,1039,3372,NORMAL,35.15932175,126.7817499
83,36,42545,19843,28168,29408,28168,4312,4867,1709,NORMAL,35.15939674,126.781811
78,40,157001,13143,24497,27184,24497,9525,3454,2880,NORMAL,35.15946896,126.7818554
75,30,179005,47528,39379,11219,39379,6141,1739,3556,NORMAL,35.15955506,126.7818971
78,48,99174,9216,2419,50296,2419,7810,4636,4663,NORMAL,35.15960783,126.7819193
88,21,227904,93367,39339,34705,39339,5217,2633,2738,NORMAL,35.15965783,126.7819332
51,37,894843,159700,30751,12135,30751,9387,7781,1949,NORMAL,35.15968838,126.781936
53,36,62167,29407,9125,50357,9125,6358,2649,2201,NORMAL,35.15978004,126.7819443
66,16,92627,26480,23890,2216,23890,1113,454,623,NORMAL,35.15984947,126.7819471
57,13,764906,180762,36579,33419,36579,11126,7212,2012,NORMAL,35.15991613,126.7819388
63,34,87540,41804,3691,14693,3691,2548,2449,3030,NORMAL,35.15999112,126.7819165
51,3,82608,111717,37440,40423,37440,7454,2490,2513,NORMAL,35.160055,126.7818888
53,14,518298,77716,57933,15761,57933,7577,5119,2544,NORMAL,35.16012166,126.7818582
46,22,145068,115288,30390,22957,30390,5363,3402,1520,NORMAL,35.16018277,126.7818221
47,7,285887,112162,11440,16267,11440,3979,5920,5510,NORMAL,35.16026053,126.7817693
55,15,143111,22844,12910,6759,12910,1018,717,1636,NORMAL,35.16036052,126.7816804
54,22,322747,43254,89438,23927,89438,8560,2540,4806,NORMAL,35.16063549,126.7814749
77,14,159062,50008,42006,49483,42006,9739,5554,1842,NORMAL,35.16073825,126.7814166
90,33,1044124,66350,10056,47177,10056,5918,4420,3534,NORMAL,35.1608799,126.781336
88,43,169247,18878,14411,55087,14411,5175,2543,2215,NORMAL,35.16106044,126.7812499
94,23,107407,24640,11876,23997,11876,3845,1039,3372,NORMAL,35.16122708,126.7812027
83,36,42545,19843,28168,29408,28168,4312,4867,1709,NORMAL,35.16136873,126.7811805
78,40,157001,13143,24497,27184,24497,9525,3454,2880,NORMAL,35.1615576,126.7811582
75,30,179005,47528,39379,11219,39379,6141,1739,3556,NORMAL,35.1618409,126.7811166
78,48,99174,9216,2419,50296,2419,7810,4636,4663,NORMAL,35.16218253,126.7810666
88,21,227904,93367,39339,34705,39339,5217,2633,2738,NORMAL,35.1625797,126.7810249
51,37,894843,159700,30751,12135,30751,9387,7781,1949,NORMAL,35.16299077,126.7810526
53,36,62167,29407,9125,50357,9125,6358,2649,2201,NORMAL,35.16349627,126.7810749
66,16,92627,26480,23890,2216,23890,1113,454,623,NORMAL,35.16423507,126.7811026
57,13,764906,180762,36579,33419,36579,11126,7212,2012,NORMAL,35.16590711,126.7811609
63,34,87540,41804,3691,14693,3691,2548,2449,3030,NORMAL,35.16666813,126.7811914
51,3,82608,111717,37440,40423,37440,7454,2490,2513,NORMAL,35.16814019,126.7812469
53,14,518298,77716,57933,15761,57933,7577,5119,2544,NORMAL,35.16905953,126.7812775
46,22,145068,115288,30390,22957,30390,5363,3402,1520,NORMAL,35.16934839,126.7812886
47,7,285887,112162,11440,16267,11440,3979,5920,5510,NORMAL,35.16960114,126.7812969
55,15,143111,22844,12910,6759,12910,1018,717,1636,NORMAL,35.16972612,126.7813025
54,22,322747,43254,89438,23927,89438,8560,2540,4806,NORMAL,35.16984,126.7813052
77,14,159062,50008,42006,49483,42006,9739,5554,1842,NORMAL,35.17036216,126.7813302
90,33,1044124,66350,10056,47177,10056,5918,4420,3534,NORMAL,35.1708871,126.7813469
88,43,169247,18878,14411,55087,14411,5175,2543,2215,NORMAL,35.17102598,126.7813524
94,23,107407,24640,11876,23997,11876,3845,1039,3372,NORMAL,35.17158147,126.7813718
83,36,42545,19843,28168,29408,28168,4312,4867,1709,NORMAL,35.17197309,126.7813857
78,40,157001,13143,24497,27184,24497,9525,3454,2880,NORMAL,35.17247026,126.7814024
75,30,179005,47528,39379,11219,39379,6141,1739,3556,NORMAL,35.17285355,126.7814301
78,48,99174,9216,2419,50296,2419,7810,4636,4663,NORMAL,35.17305075,126.7814412
88,21,227904,93367,39339,34705,39339,5217,2633,2738,NORMAL,35.17305075,126.7814412
51,37,894843,159700,30751,12135,30751,9387,7781,1949,NORMAL,35.17318685,126.7814412
53,36,62167,29407,9125,50357,9125,6358,2649,2201,NORMAL,35.17360902,126.7814551
66,16,92627,26480,23890,2216,23890,1113,454,623,NORMAL,35.17421173,126.7814662
57,13,764906,180762,36579,33419,36579,11126,7212,2012,NORMAL,35.17477,126.7814745
63,34,87540,41804,3691,14693,3691,2548,2449,3030,NORMAL,35.17508108,126.7814495
51,3,82608,111717,37440,40423,37440,7454,2490,2513,NORMAL,35.17530049,126.7814218
53,14,518298,77716,57933,15761,57933,7577,5119,2544,NORMAL,35.17548103,126.7813884
46,22,145068,115288,30390,22957,30390,5363,3402,1520,NORMAL,35.17563657,126.7813551
47,7,285887,112162,11440,16267,11440,3979,5920,5510,NORMAL,35.17585876,126.7813134
55,15,143111,22844,12910,6759,12910,1018,717,1636,NORMAL,35.17602263,126.7812662
54,22,322747,43254,89438,23927,89438,8560,2540,4806,NORMAL,35.17634204,126.7811662
77,14,159062,50008,42006,49483,42006,9739,5554,1842,NORMAL,35.17670866,126.7810301
90,33,1044124,66350,10056,47177,10056,5918,4420,3534,NORMAL,35.17710028,126.7808551
88,43,169247,18878,14411,55087,14411,5175,2543,2215,NORMAL,35.1777752,126.7805634
94,23,107407,24640,11876,23997,11876,3845,1039,3372,NORMAL,35.17813071,126.7803968
83,36,42545,19843,28168,29408,28168,4312,4867,1709,NORMAL,35.17813071,126.7803968
78,40,157001,13143,24497,27184,24497,9525,3454,2880,NORMAL,35.17828625,126.7803301
75,30,179005,47528,39379,11219,39379,6141,1739,3556,NORMAL,35.17866676,126.7801634
78,48,99174,9216,2419,50296,2419,7810,4636,4663,NORMAL,35.17903616,126.7799912
88,21,227904,93367,39339,34705,39339,5217,2633,2738,NORMAL,35.17921392,126.7799301
51,37,894843,159700,30751,12135,30751,9387,7781,1949,NORMAL,35.17941667,126.7798579
53,36,62167,29407,9125,50357,9125,6358,2649,2201,NORMAL,35.1795972,126.7797968
66,16,92627,26480,23890,2216,23890,1113,454,623,NORMAL,35.17975274,126.7797607
57,13,764906,180762,36579,33419,36579,11126,7212,2012,NORMAL,35.18019158,126.7796662
63,34,87540,41804,3691,14693,3691,2548,2449,3030,NORMAL,35.18051099,126.7796273
51,3,82608,111717,37440,40423,37440,7454,2490,2513,NORMAL,35.18091094,126.7795968
53,14,518298,77716,57933,15761,57933,7577,5119,2544,NORMAL,35.18124146,126.7795995
46,22,145068,115288,30390,22957,30390,5363,3402,1520,NORMAL,35.18163586,126.7796273
47,7,285887,112162,11440,16267,11440,3979,5920,5510,NORMAL,35.18204415,126.7796912
55,15,143111,22844,12910,6759,12910,1018,717,1636,NORMAL,35.18241633,126.7797773
54,22,322747,43254,89438,23927,89438,8560,2540,4806,NORMAL,35.18281073,126.7798967
77,14,159062,50008,42006,49483,42006,9739,5554,1842,NORMAL,35.18320513,126.7800467
90,33,1044124,66350,10056,47177,10056,5918,4420,3534,NORMAL,35.18346622,126.7801633
88,43,169247,18878,14411,55087,14411,5175,2543,2215,NORMAL,35.18399394,126.7804022
94,23,107407,24640,11876,23997,11876,3845,1039,3372,NORMAL,35.18423836,126.7805216
83,36,42545,19843,28168,29408,28168,4312,4867,1709,NORMAL,35.18496328,126.7808604
78,40,157001,13143,24497,27184,24497,9525,3454,2880,NORMAL,35.18548823,126.7811021
75,30,179005,47528,39379,11219,39379,6141,1739,3556,NORMAL,35.18589096,126.7812909
78,48,99174,9216,2419,50296,2419,7810,4636,4663,NORMAL,35.18634091,126.7815131
88,21,227904,93367,39339,34705,39339,5217,2633,2738,NORMAL,35.18659644,126.7816409
51,37,894843,159700,30751,12135,30751,9387,7781,1949,NORMAL,35.18682975,126.7817742
53,36,62167,29407,9125,50357,9125,6358,2649,2201,NORMAL,35.18716861,126.7819881
66,16,92627,26480,23890,2216,23890,1113,454,623,NORMAL,35.1875519,126.7822714
57,13,764906,180762,36579,33419,36579,11126,7212,2012,NORMAL,35.18775188,126.7824352
63,34,87540,41804,3691,14693,3691,2548,2449,3030,NORMAL,35.1880463,126.782688
51,3,82608,111717,37440,40423,37440,7454,2490,2513,NORMAL,35.1882185,126.782863
53,14,518298,77716,57933,15761,57933,7577,5119,2544,NORMAL,35.18833794,126.7829741
46,22,145068,115288,30390,22957,30390,5363,3402,1520,NORMAL,35.18849348,126.7831407
47,7,285887,112162,11440,16267,11440,3979,5920,5510,NORMAL,35.1886268,126.7832907
55,15,143111,22844,12910,6759,12910,1018,717,1636,NORMAL,35.18877123,126.7834629
54,22,322747,43254,89438,23927,89438,8560,2540,4806,NORMAL,35.18901565,126.7837823
77,14,159062,50008,42006,49483,42006,9739,5554,1842,NORMAL,35.18927118,126.7841378
90,33,1044124,66350,10056,47177,10056,5918,4420,3534,NORMAL,35.18941284,126.7843656
88,43,169247,18878,14411,55087,14411,5175,2543,2215,NORMAL,35.18984058,126.7850988
94,23,107407,24640,11876,23997,11876,3845,1039,3372,NORMAL,35.19003779,126.7854794
83,36,42545,19843,28168,29408,28168,4312,4867,1709,NORMAL,35.19032387,126.7860293
78,40,157001,13143,24497,27184,24497,9525,3454,2880,NORMAL,35.19037387,126.7861348
75,30,179005,47528,39379,11219,39379,6141,1739,3556,NORMAL,35.19071273,126.7867709
78,48,99174,9216,2419,50296,2419,7810,4636,4663,NORMAL,35.19099049,126.7873125
88,21,227904,93367,39339,34705,39339,5217,2633,2738,NORMAL,35.19133213,126.7879652
51,37,894843,159700,30751,12135,30751,9387,7781,1949,NORMAL,35.1917932,126.7888568
53,36,62167,29407,9125,50357,9125,6358,2649,2201,NORMAL,35.19226816,126.7897623
66,16,92627,26480,23890,2216,23890,1113,454,623,NORMAL,35.19248203,126.7901789
57,13,764906,180762,36579,33419,36579,11126,7212,2012,NORMAL,35.19282645,126.7908371
63,34,87540,41804,3691,14693,3691,2548,2449,3030,NORMAL,35.19305421,126.7912621
51,3,82608,111717,37440,40423,37440,7454,2490,2513,NORMAL,35.19328752,126.7916621
53,14,518298,77716,57933,15761,57933,7577,5119,2544,NORMAL,35.19342362,126.7918732
46,22,145068,115288,30390,22957,30390,5363,3402,1520,NORMAL,35.1935875,126.792112
47,7,285887,112162,11440,16267,11440,3979,5920,5510,NORMAL,35.19384581,126.7924592
55,15,143111,22844,12910,6759,12910,1018,717,1636,NORMAL,35.19400412,126.7926453
54,22,322747,43254,89438,23927,89438,8560,2540,4806,NORMAL,35.194193,126.792848
77,14,159062,50008,42006,49483,42006,9739,5554,1842,NORMAL,35.19450685,126.7931591
90,33,1044124,66350,10056,47177,10056,5918,4420,3534,NORMAL,35.19479016,126.7934063
88,43,169247,18878,14411,55087,14411,5175,2543,2215,NORMAL,35.19496236,126.793548
94,23,107407,24640,11876,23997,11876,3845,1039,3372,NORMAL,35.19512901,126.7936702
83,36,42545,19843,28168,29408,28168,4312,4867,1709,NORMAL,35.19546231,126.7939007
78,40,157001,13143,24497,27184,24497,9525,3454,2880,NORMAL,35.19578728,126.7940896
75,30,179005,47528,39379,11219,39379,6141,1739,3556,NORMAL,35.19589838,126.7941507
78,48,99174,9216,2419,50296,2419,7810,4636,4663,NORMAL,35.19622612,126.794309
88,21,227904,93367,39339,34705,39339,5217,2633,2738,NORMAL,35.19657053,126.7944478
51,37,894843,159700,30751,12135,30751,9387,7781,1949,NORMAL,35.19693438,126.7945728
53,36,62167,29407,9125,50357,9125,6358,2649,2201,NORMAL,35.19729545,126.7946645
66,16,92627,26480,23890,2216,23890,1113,454,623,NORMAL,35.19766486,126.7947311
57,13,764906,180762,36579,33419,36579,11126,7212,2012,NORMAL,35.19803426,126.7947728
63,34,87540,41804,3691,14693,3691,2548,2449,3030,NORMAL,35.19819535,126.7947839
51,3,82608,111717,37440,40423,37440,7454,2490,2513,NORMAL,35.19819535,126.7947839
53,14,518298,77716,57933,15761,57933,7577,5119,2544,NORMAL,35.19828423,126.7948144
46,22,145068,115288,30390,22957,30390,5363,3402,1520,NORMAL,35.19836478,126.7948311
47,7,285887,112162,11440,16267,11440,3979,5920,5510,NORMAL,35.19847032,126.7948339
55,15,143111,22844,12910,6759,12910,1018,717,1636,NORMAL,35.19863419,126.7948311
54,22,322747,43254,89438,23927,89438,8560,2540,4806,NORMAL,35.19913969,126.7947783
77,14,159062,50008,42006,49483,42006,9739,5554,1842,NORMAL,35.19946188,126.7947283
90,33,1044124,66350,10056,47177,10056,5918,4420,3534,NORMAL,35.19979795,126.79467
88,43,169247,18878,14411,55087,14411,5175,2543,2215,NORMAL,35.20025623,126.794595
94,23,107407,24640,11876,23997,11876,3845,1039,3372,NORMAL,35.20061452,126.7945255
83,36,42545,19843,28168,29408,28168,4312,4867,1709,NORMAL,35.20195325,126.7942366
78,40,157001,13143,24497,27184,24497,9525,3454,2880,NORMAL,35.20202824,126.7942227
75,30,179005,47528,39379,11219,39379,6141,1739,3556,NORMAL,35.20202824,126.7942227
78,48,99174,9216,2419,50296,2419,7810,4636,4663,NORMAL,35.20215601,126.7942783
88,21,227904,93367,39339,34705,39339,5217,2633,2738,NORMAL,35.20222267,126.7943199
51,37,894843,159700,30751,12135,30751,9387,7781,1949,NORMAL,35.20226433,126.7943727
53,36,62167,29407,9125,50357,9125,6358,2649,2201,NORMAL,35.20229766,126.7944283
66,16,92627,26480,23890,2216,23890,1113,454,623,NORMAL,35.20233099,126.7944866
57,13,764906,180762,36579,33419,36579,11126,7212,2012,NORMAL,35.20233099,126.7944866
63,34,87540,41804,3691,14693,3691,2548,2449,3030,NORMAL,35.20232822,126.7947199
51,3,82608,111717,37440,40423,37440,7454,2490,2513,NORMAL,35.20232267,126.7951643
53,14,518298,77716,57933,15761,57933,7577,5119,2544,NORMAL,35.20232267,126.7951643
46,22,145068,115288,30390,22957,30390,5363,3402,1520,NORMAL,35.20231436,126.7964197
47,7,285887,112162,11440,16267,11440,3979,5920,5510,NORMAL,35.20231159,126.7968142
55,15,143111,22844,12910,6759,12910,1018,717,1636,NORMAL,35.20230883,126.7976835
54,22,322747,43254,89438,23927,89438,8560,2540,4806,NORMAL,35.20230883,126.7978002
77,14,159062,50008,42006,49483,42006,9739,5554,1842,NORMAL,35.2023144,126.798814
90,33,1044124,66350,10056,47177,10056,5918,4420,3534,NORMAL,35.20231998,126.8001444
88,43,169247,18878,14411,55087,14411,5175,2543,2215,NORMAL,35.20231998,126.8003944
94,23,107407,24640,11876,23997,11876,3845,1039,3372,NORMAL,35.20232555,126.8014693
83,36,42545,19843,28168,29408,28168,4312,4867,1709,NORMAL,35.20232834,126.8017498
78,40,157001,13143,24497,27184,24497,9525,3454,2880,NORMAL,35.20232837,126.8034525
75,30,179005,47528,39379,11219,39379,6141,1739,3556,NORMAL,35.20232561,126.804544
78,48,99174,9216,2419,50296,2419,7810,4636,4663,NORMAL,35.20232561,126.804544
88,21,227904,93367,39339,34705,39339,5217,2633,2738,NORMAL,35.20283944,126.804544
51,37,894843,159700,30751,12135,30751,9387,7781,1949,NORMAL,35.20315885,126.804544
53,36,62167,29407,9125,50357,9125,6358,2649,2201,NORMAL,35.20336715,126.8045412
66,16,92627,26480,23890,2216,23890,1113,454,623,NORMAL,35.20456702,126.8045384
57,13,764906,180762,36579,33419,36579,11126,7212,2012,NORMAL,35.20611684,126.8045356
63,34,87540,41804,3691,14693,3691,2548,2449,3030,NORMAL,35.20611684,126.8045356
51,3,82608,111717,37440,40423,37440,7454,2490,2513,NORMAL,35.20614471,126.8099101
53,14,518298,77716,57933,15761,57933,7577,5119,2544,NORMAL,35.2061475,126.8109878
46,22,145068,115288,30390,22957,30390,5363,3402,1520,NORMAL,35.20614751,126.8111072
47,7,285887,112162,11440,16267,11440,3979,5920,5510,NORMAL,35.20614751,126.8111072
55,15,143111,22844,12910,6759,12910,1018,717,1636,NORMAL,35.20591698,126.8111072
54,22,322747,43254,89438,23927,89438,8560,2540,4806,NORMAL,35.20546703,126.8111017
